nome,email,empresa
Rodrigo,rodrigo@gsibrasil.ind.br,Agromarau Ind. e Com. Ltda.
Lidia Oliveira,lidia.oliveira@agrosystem.com.br,"Agrosystem Com., Importação e Exp. Ltda."
Camila Palma,camila.palma@alphaprint.com.br,Alphaprint Comercio Imp. Exp. Ltda.
Vanessa Batista,vanessa.batista@scorp.com,Alumaq Locação e Com. de Máquinas de Solda Ltda.
Sueli Bastos,sueli.bastos@gonvarri.com,Arcelormittal Gonvarri Brasil Produtos Siderurgicos S.A
Jorge /Betânia,jorge@arthi.com.br,Arthi Comercial Ltda.
Luís Francisco Vieira,financ@asvotec.com.br,Asvotec Termoindustrial Ltda.
Marlus,importacao@atibrasil.com.br,ATI Brasil Artigos Técnicos Industriais Ltda.
Eder Fortini,eder.fortini@bekaert.com,Bekaert do Brasil Ltda.
Andréia Sena,andreia.sena@bericap.com,Bericap do Brasil Ltda.
Greicy Peixer,greicy.peixer@bermo.com.br,Bermo Válvulas e Equipamentos Industriais Ltda
Osny José Lessa,beumer.ltd@brasil.beumer.com.br,Beumer Latinoamericana de Equipamentos Ltda.
Marcio,minacio@bhs-corrugated.com.br,BHS Corrugated South America Ltda.
Eunice de Carvalho,oregon@blount.com.br,Blount Industrial Ltda.
Paulo Casar de Lima,pclima@schincariol.com.br,Blum Albras Ind. e Com. de Ferragens Ltda.
José Adalberto L. Barreira,barreira-adalberto@bmb.bekaert.com,Bmb Belgo Mineira Bekaert Artefatos de Arame Ltda.
Ricardo Veloso,bollhoff@bollhoff.com.br,Bollhoff Service Center Ltda.
Diego,braslo@braslo.com.br,Braslo Produtos de Carnes Ltda.
Luciano Teixeira de Carvalho,luciano@gso.com.br,Brastex S.A.
Ana Maria,ana.coutinho@pelkote.com.br,Bray Controls Ind. de Válvulas Ltda.
Mario Borelli,andreab@mapri-textron.com.br,Brazaço Mapri Indústrias Metalúrgicas S.A.
Evandro Muller de Castro,export@buddemeyer.com.br,Buddemeyer S.A.
Florisvaldo de Melo,marli.martins@buhlergroup.com,Buhler S.A.
Magale Kich,ramarim@ramarim.com.br,Calçados Ramarim Ltda.
Tatiane Hauschild,tatiane.hauschild@carrier.utc.com,Carrier Refrigeração Brasil Ltda.
André Mariano C. de Freitas,catane@e-net.com.br,Cata Nordeste S.A.
Daniele Goncalves,importacao@cavemac.com.br,Cavemac Indl e Coml de Maqs Imp e Exp Ltda
Carlos Brum,cnbspm@cenibra.com.br,Celulose Nipo Brasileira S.A. - Cenibra
José Carlos Cordeiro,celupa@fiergs.org.br,Celupa Industrial Celulose e Papel Guaíba Ltda.
Flávia Guimarães,ney@chriscinto.com.br,Chris Cintos de Segurança Ltda.
Juliana Saraiva,juliana.saraiva@prada.com.br,Cia. Metalúrgica Prada
Raimundo Paes,raimundo.paes@valenca.com.br,Cia. Valença Industrial
Luis Aurélio Ferreira Azzolino,salesdep@widesoft.com.br,Citrus Colloids S.A.
Camila Spolaor,clopay@clopay.com.br,Clopay do Brasil Ltda.
Cirlei Buzetti,cirlei.buzetti@comau.com.br,Comau do Brasil Ind. e Com. Ltda.
Fabiana Andrade,comexi_sp@comexibrasil.com.br,Comexi do Brasil Ltda.
João Augusto Canal,canal@cedro.ind.br,Companhia de Fiação e Tecidos Santo Antônio Ltda.
Cíntia Jaber,cjaber@santanenese.com.br,Companhia Tecidos Santanense
Diego Andrade / Rafael Maia,diego.andrade@conduspar.com.br,Conduspar Condutores Elétricos Ltda.
Fátima,vendas@conexel.com.br,Conexel Conexões Elétricas Ltda.
Gelber S. Abe,abe@copag.com.br,Copag da Amazônia S.A
Dulce Fantini,cth@cth.com.br,Copo Thierry do Brasil Ind.Têxtil Ltda.
Tatiana Pardoni,sac@cornproducts.com.br,Corn Products Brasil Ingredientes Industriais Ltda.
Jaime Schimidt,cotece@sec.secrel.com.br,Cotece S.A.
Rejane Santos,rejne.santos@cpicfiber.com,Cpic Brasil Fibras de Vidro Ltda.
Janaine France dos Santos,commercial@csm.ind.br,Csm - Componentes Sist. e Máquinas para Construção Ltda.
Nilton Tumonis,vendas@cyklop.com.br,Cyklop do Brasil Embalagens S.A.
Dirceu Garcia,dirceu@datamedmg.com.br,Datamed Ltda.
Cássio Omura,cnc@dimensional.com.br,Dimensional Equipamentos Elétricos Ltda.
Viviane Santareli,dubuit@uol.com.br,Dubuit do Brasil Serigrafia Ind. e Com. Ltda.
Ronaldo Akira Nishikawa,inteldept@ebara.com.br,Ebara Indústrias Mecânicas e Com. Ltda.
Rinaldo Silva,rinaldo.silva@ftd.com.br,Editora FTD S.A.
Takanobo Nogami,takanobo.nogami@eisenmann.com.br,Eisenmann do Brasil Equipamentos Indústriais Ltda.
Elena Kubota,radiofrigor@radiofrigor.com.br,Emerson Electric do Brasil Ltda.
Nilo Castro Correa,emh@emh.com.br,Emh Eletromecânica e Hidráulica Ltda.
Ani,import@engefood.com.br,Engefood Equipamentos Engenharia e Representações Ltda
Ivo Saldanha,comercial@engepack.com.br,Engepack Embalagens São Paulo Ltda.
José Teiji Suzuki,ergomat@ergomat.com.br,Ergomat Ind. e Com. Ltda.
Kelly,nutract@nutract.com.br,Erzinger Ind. Mecânica Ltda.
Vanete Ferreira,edam@internext.com.br,Essilor da Amazônia Ind. e Com. Ltda.
Cristiane,eurtoex@eurotex.com.br,Eurotex Com. e Imp. Ltda.
Rosemeire Lima,rosemeire.lima@exalbrazil.com.br,Exal Brasil - Fabricação de Embalagens de Alumínio Ltda.
Oswaldo Cruz Júnior,perini@gperini.com.br,Fabio Perini S.A. Ind. e Com. de Máquinas
José Antonio Garcia Segovia,export@fabrima.com.br,Fabrima Máquinas Automáticas Ltda.
Maicon Isidoro,maicon.isidoro@fanucamerica.com,Fanuc South America Equipamentos de Automação e Serviços Ltda.
Gilson,comercial@fiasul.com.br,Fiasul Ind. de Fios Ltda.
Armando Geraldo Bredariol,gbredariol@alpinatextil.net,Fiação Alpina Ltda.
Gabriel Ribeiro,gabriel.ribeiro@flow-tek.com,Flow Tek Ind. e Com. de Válvulas Ltda.
Renato Carneiro,flygt@flygt.com.br,Flygt do Brasil S.A.
Lucia,fuji@fujibrasil.com.br,Fuji do Brasil Máquinas Inds. Ltda.
Cassia Regina Vanicola/Eduardo de Souza Moura,cvanicola@gdbr.com.br,G.D do Brasil Máquinas de Embalar Ltda.
Silvia Bigongiari,silvia.bigongiari@gaiatrading.com.br,Gaia Trading Ltda
Marcos Tromol,marcos.tromol@gasparini.com.br,Gasparini do Brasil S.A.
Antônio Valentin Verzenhassi,valentin@giben.com.br,Giben do Brasil Máquinas e Equipamentos Ltda.
Regina Cavalheri,regina.cavalheri@gtfoods.com.br,Gonçalves & Tortola S.A.
Sergio Valente,sergio.valente@frangogranjeiro.com.br,Granjeiro Alimentos Ltda
Gustavo,graphimport@graphimport.com.br,Graphimport Imp. e Exp. Ltda.
Vera,vera@guararapes.ind.br,Guararapes Confecções S.A.
Dirlei Mocelin Cavichioli,haasbr@haas.com.br,Haas do Brasil Ind. de Máquinas Ltda.
Ana Luiza Teixeira,analuiza.teixeira@habasit.com.br,Habasit do Brasil Ind. e Com. de Correias Ltda.
Renata,renata@haitian.com.br,Haitian Huayuan South America Comércio de Máquinas Ltda.
Marcio Garcia,info@hbr.haldex.com,Haldex do Brasil Ind. e Com. Ltda.
Sandra Vallilo,sandra.vallilo@hamon.com,Hamon do Brasil Ltda.
Carolina Izal,carol@handtmann.com.br,Handtmann do Brasil Ltda.
Marjory Ono,marjory.ono@hauni.com,Hauni do Brasil Maquinas Equipamentos para Tabaco Ltda.
Dulcelina Dias,comunica@haverbrasil.com.br,Haver e Boecker Latinoamericana Máquinas Ltda.
Kelly A. Barbosa,bksv@bksv.com.br,HBM do Brasil Ltda.
Sebastião Machado,smachado@heatcraftbrasil.com.br,Heatcraft do Brasil Ltda.
Maurício Martins,hobart@hobart.com.br,Hobart do Brasil Ltda.
Jhorgi Higashi,jhorgi.higashi@altana.com,Homag South America Ltda.
Paula Gonzaga,pgonzaga@husky.ca,Husky do Brasil Sistemas de Injeção Ltda.
Sérgio Teixeira Rolão,impacta@impacta-brazil.com.br,Impacta S.A. Ind. e Com.
Ines Dorotéia Santellano,impex@impex.com.br,"Impex Industria, Comércio e Representações Ltda."
Fabiano,incomaf@incomaf.com.br,Incomaf S.A. Ind. e Com.
Gilmar Weber,icw@nh.conex.com.br,Ind. de Calçados Wirth Ltda.
Celso Colombo Filho,piraque@piraque.com.br,Ind. de Produtos Alimentícios Piraquê S.A.
Dirnei de Almeida,index@indextornos.com.br,Index Tornos Automáticos Ind. e Com. Ltda.
Shemariah Guimarães,shemariah.guimaraes@cozinhasitatiaia.com.br,Itatiaia Móveis S A
Jill,jill@mtek.com.br,Ivoclar Vivadent Ltda.
Jairo Antonio,jabrazil@jabrazil.com.br,J. A. Brazil Export Comercial Exportadora Ltda.
Fernando Martins,fernando.martins@jbtc.com,John Bean Technologies Máquinas e Equipamentos Industriais Ltda.
Maria Inês Domingues,sharazaki@tyco-valves.com,Keystone do Brasil Ltda.
Marcio Casquet da Matta,export@lopesco.com.br,Kienast e Ratschmer Ltda.
Bruna Miranda,bruna.miranda@komaxgroup.com,Komax Coml. do Brasil Ltda.
André,comercial@kopron.com,Kopron do Brasil Com. e Ind. de Equipamentos de Logística Ltda.
Frederico Wongtschowski,ksbbombas@ksbbombas.com.br,Ksb Bombas Hidráulicas S.A.
Pedro,comercial@lavorwash.com.br,Lavorwash Brasil Industrial e Comercial Ltda.
David Oleans,ledrio@rio.nutecnet.com.br,Lincoln Electric do Brasil e Com. Ltda.
Marcello Luparia,maclinea@avalon.sul.com.br,Maclinea S.A. Maqs. e Eng. para Madeiras
Mickael Egert,malwee@malwee.com.br,Malwee Malhas Ltda.
Juliana - Neuza,juliana@mapalbilz.com.br,Mapal Bilz Precision Tools Ltda.
Leticia Bonetti,leticia.bonetti@marel.com,Marel Stork Food Systems Máquinas Alimentícias Ltda.
Dora Oliveira,ddoliveira@grundfos.com,Mark Grundfos Ltda.
José Luiz Braga,joseluiz.braga@mausergroup.com,Mauser do Brasil Embalagens Industriais S.A.
Roberto Mitsuo Inoue,roberto.inoue@mectrol.com.br,Mectrol do Brasil Comercial Ltda.
André Dall' Onder,andre.vendas@memphisbr.com,Memphis S.A. Industrial
Luiz Eduardo Brunoro,rojek@rojek.com.br,Metalgráfica Rojek Ltda.
Jayne Silva,jsilva@meyn.com,Meyn Ddo Brasil - Máquinas e Equipamentos Industriais Ltda.
José Ferreira,amparo@uol.com.br,Minasa Trading International S.A.
Cristina Vagini,patricia.fuenari@molins.com,Molins do Brasil Máquinas Automáticas Ltda.
Ana Camargo,ana.camargo@motoman.com.br,Motoman Robótica do Brasil Ltda.
Renata,financeiro01@motorsystem.com.br,Motor System Automação Com. Imp. e Exp. Ltda.
José Gregório Alves Correia,gregorio@brasil.runhausen.com,Mr do Brasil Ind. Mecânica Ltda.
Lucas Manuel do Santos,lucas.manoel@mubea.com.br,Mubea do Brasil Ltda.
Andreia Roson,andreia.roson@br.multivac.com,Multivac do Brasil Sistemas para Embalagem Ltda.
Ivete Slemming,munters@munters.com.br,Munters Brasil Ind. e Com. Ltda.
Luís Carlos Xavier,muratec@muratec.com.br,Murata do Brasil Ind. e Com. Ltda.
Guillhermo Cassina,euzebio@maksanmartin.com.br,Máquinas Sanmartin Ltda.
Jorge Mochizuki,coml@nachi.com.br,Nachi do Brasil Ind. e Com. Ltda.
Maria de Lourdes de Oliveira,nagel@nagel.com.br,Nagel Brasil Máquinas e Ferramentas Ltda.
Alex Hoster,diret@niehoff.com.br,Niehoff Herborn Máquinas Ltda.
José Pereira,jose.pereira@novodisc.com.br,Novodisc Mídia Digital da Amazônia Ltda.
Nanci Tramarico,importacao@omron.com.br,Omron Eletrônica do Brasil Ltda.
Renata Boffo,renata.boffo@optima-bra.com,Optima do Brasil Máquinas de Embalagem Ltda.
Marcos Orlandele,orlandeli@osg.com.br,Osg Ferramentas de Precisão Ltda.
Douglas Mariano,contato@paletrans.com.br,Paletrans Equipamentos Ltda.
Sérgio Luiz Peroni,panatlantica@panatlantica.com.br,Panatlântica S.A.
Sadra Zanella Neneve,neneve_sandra@pesa.com.br,Paraná Equipamentos S.A.
Marcos Antônio Cavalcante,mantonio_ppsa@cvrd.com.br,Pará Pigmentos S.A.
Marcio,pferd@pferd.com.br,Pferd Ruggeberg do Brasil Ltda.
Carlos Zanelatto,piovan@piovan.com.br,Piovan do Brasil Ind. e Com. Ltda.
Luiz Henrique,pirisa@pirisa.com.br,Pirisa Piretro Industrial Ltda.
Rubens Pereira,plastipar.sup@avalon.com.br,Plastipar Ind. e Com. Ltda.
Julio Brust,julio@pastrela.com.br,Plastrela Embalagens Flexíveis Ltda.
Rodolfo Jacobsen,andreygr@portobello.com.br,Portobello S.A.
Carlos Muller,metaltex@metaltex.com.br,Produtos Eletrônicos Metaltex Ltda.
Marcio,compras@dentalclean.com.br,Rabbit Ind. e Com. de Produtos de Higiene Pessoal Ltda. - Dental
Alexandre Germuts,germuts@rehau.com.br,Rehau Ind. Ltda.
João Carlos Vianna de Amorim,renkzanini@highnet.com.br,Renk Zanini S.A. Equipamentos Industriais
Jorge Botossi,jorgeb@moinhosantaclara.com.br,Richard Saigh Indústria e Comércio S.A.
Ademir Ferrari,fabio.pereira@rigesa.com.br,Rigesa Celulose Papel e Embalagens Ltda.
Francisco Augusto Redondo,rosset@ibm.net,Rosset e Cia. Ltda.
Gislene Vilalva,sacmi@sacmi.com.br,Sacmi do Brasil Ind. e Com. Ltda.
Bartolomeu Vieira,sangatifor@sangatiberga.com.br,Sangati Berga S.A.
Sergio Meireles,smeireles@santanatextiles.com,Santana Têxtil Mato Grosso S.A.
Pedro Mesquitella Macedo,vendas@santher.com.br,Santher Fábrica de Papel Santa Therezinha S.A.
Claudia,vendas@marlinfo.com.br,Schnell Brasil S.A. Ind. de Maquinas
Edenir Andrade,serac@uol.com.br,Serac do Brasil Ind. e Com. Ltda.
Florêncio Félix,florencio.felix@sig.biz,Sig Pack Ltda.
Patrícia Santos,signodebrasileira@signode.com.br,Signode Brasileira Ltda
Maria Conceicao Ferracine,diretoria@siti.com.br,Siti S.A. Soc. de Instalaçoes Termoelétricas Industriais
Cláudio Alves,claudio.alves@bertelsmann.de,Sonopress - Rimo Ind. e Com. Fonográfica Ltda.
Edmundo Damian Faibro,info@spectrun.com.br,Spectrun Bio Engenharia Medica Hospitalar Ltda
Fernando Haag Roos,sulmaq@visão.com.br,Sulmaq Industrial Comercial S.A.
Edson Takahashi,sulzer.brasil@sulzer.com,Sulzer Brasil S.A.
Fernanda Santos,fernanda.santos@sumig.com,Sumig Robótica e Automação Ltda.
Luiz Nishikawa,marcos@sunnyvale.com.br,Sunnyvale Comércio e Representações Ltda.
Fabiola Pires,fabiola.pires@teksid.com.br,Teksid Alumínio do Brasil Ltda.
André Trazzi,andre.trazzi@tetralon.com.br,Tetralon Ind e Com de Equipamentos Industriais Ltda.
Amadeu Martins,trader@trablin.com.br,Trablin Trader Brasileiras de Ligas e Inoculantes S.A
Cintia Saldiva,csaldiva@trombini.com.br,Trombini Embalagens S.A.
Debora Lima,debora.lima@trumpf.com.br,Trumpf Máquinas Indústria e Comércio Ltda.
Vinicius Mazzega,tsa@tsa.ind.br,Tubos Soldados Atlântico Ltda.
Bruno,bruno@unimaq.com.br,Unimaq Jaboticabal Máquinas Operatrizes Ltda. - Me
Aparecida Rosa,uig.jdi@terra.com.br,Universal Indústrias Gerais Ltda.
Juliana Boettcher Seibert,tabacos@unileaf.com.br,Universal Leaf Tabacos Ltda.
Vanessa Costa,vanessa.costa@valfilm-ne.com.br,Valfilm Nordeste Ind. e Com. de Plásticos Ltda.
Gilson Hirakawa,ghirakawa@veeder.com.br,Veeder Root do Brasil Com. e Ind. Ltda.
Cleide Nigra Marques,couros@prudenet.com.br,Vitapelli Ltda.
Karen,rosalito@rosalito.com.br,Web Nordeste Ltda.
Rodolfo,wm@wmtrading.com.br,WM Trading Ltda.
Ricardo Figueredo,yak.impex@originet.com.br,Yakult S.A. Ind. e Com.
Rosangela Tomazini,rosangela_tomazini@yaskawa.com.br,Yaskawa Elétrico do Brasil Ltda.
