nome,email,empresa,servidor_mx,provedor
Osny José Lessa,beumer.ltd@brasil.beumer.com.br,Beumer Latinoamericana de Equipamentos Ltda.,Sem registro MX,Inativo
José Adalberto L. Barreira,barreira-adalberto@bmb.bekaert.com,Bmb Belgo Mineira Bekaert Artefatos de Arame Ltda.,Sem registro MX,Inativo
Diego,braslo@braslo.com.br,Braslo Produtos de Carnes Ltda.,Sem registro MX,Inativo
Ana Maria,ana.coutinho@pelkote.com.br,Bray Controls Ind. de Válvulas Ltda.,Sem registro MX,Inativo
Mario Borelli,andreab@mapri-textron.com.br,Brazaço Mapri Indústrias Metalúrgicas S.A.,Sem registro MX,Inativo
Tatiane Hauschild,tatiane.hauschild@carrier.utc.com,Carrier Refrigeração Brasil Ltda.,Sem registro MX,Inativo
André Mariano C. de Freitas,catane@e-net.com.br,Cata Nordeste S.A.,Timeout DNS (servidor não responde),Inativo
Flávia Guimarães,ney@chriscinto.com.br,Chris Cintos de Segurança Ltda.,Sem registro MX,Inativo
Luis Aurélio Ferreira Azzolino,salesdep@widesoft.com.br,Citrus Colloids S.A.,Sem registro MX,Inativo
Camila Spolaor,clopay@clopay.com.br,Clopay do Brasil Ltda.,Sem registro MX,Inativo
Fabiana Andrade,comexi_sp@comexibrasil.com.br,Comexi do Brasil Ltda.,Sem registro MX,Inativo
Cíntia Jaber,cjaber@santanenese.com.br,Companhia Tecidos Santanense,Sem registro MX,Inativo
Tatiana Pardoni,sac@cornproducts.com.br,Corn Products Brasil Ingredientes Industriais Ltda.,Sem registro MX,Inativo
Jaime Schimidt,cotece@sec.secrel.com.br,Cotece S.A.,Sem registro MX,Inativo
Takanobo Nogami,takanobo.nogami@eisenmann.com.br,Eisenmann do Brasil Equipamentos Indústriais Ltda.,Sem registro MX,Inativo
Elena Kubota,radiofrigor@radiofrigor.com.br,Emerson Electric do Brasil Ltda.,Sem registro MX,Inativo
Ivo Saldanha,comercial@engepack.com.br,Engepack Embalagens São Paulo Ltda.,Sem registro MX,Inativo
Vanete Ferreira,edam@internext.com.br,Essilor da Amazônia Ind. e Com. Ltda.,Sem registro MX,Inativo
Rosemeire Lima,rosemeire.lima@exalbrazil.com.br,Exal Brasil - Fabricação de Embalagens de Alumínio Ltda.,Sem registro MX,Inativo
Oswaldo Cruz Júnior,perini@gperini.com.br,Fabio Perini S.A. Ind. e Com. de Máquinas,Sem registro MX,Inativo
Sergio Valente,sergio.valente@frangogranjeiro.com.br,Granjeiro Alimentos Ltda,Sem registro MX,Inativo
Dirlei Mocelin Cavichioli,haasbr@haas.com.br,Haas do Brasil Ind. de Máquinas Ltda.,Sem registro MX,Inativo
Kelly A. Barbosa,bksv@bksv.com.br,HBM do Brasil Ltda.,Sem registro MX,Inativo
Sebastião Machado,smachado@heatcraftbrasil.com.br,Heatcraft do Brasil Ltda.,Sem registro MX,Inativo
Maurício Martins,hobart@hobart.com.br,Hobart do Brasil Ltda.,Sem registro MX,Inativo
Gilmar Weber,icw@nh.conex.com.br,Ind. de Calçados Wirth Ltda.,Sem registro MX,Inativo
Jairo Antonio,jabrazil@jabrazil.com.br,J. A. Brazil Export Comercial Exportadora Ltda.,Sem registro MX,Inativo
Marcio Casquet da Matta,export@lopesco.com.br,Kienast e Ratschmer Ltda.,Timeout DNS (servidor não responde),Inativo
Frederico Wongtschowski,ksbbombas@ksbbombas.com.br,Ksb Bombas Hidráulicas S.A.,Sem registro MX,Inativo
David Oleans,ledrio@rio.nutecnet.com.br,Lincoln Electric do Brasil e Com. Ltda.,Sem registro MX,Inativo
Marcello Luparia,maclinea@avalon.sul.com.br,Maclinea S.A. Maqs. e Eng. para Madeiras,Sem registro MX,Inativo
Juliana - Neuza,juliana@mapalbilz.com.br,Mapal Bilz Precision Tools Ltda.,Sem registro MX,Inativo
José Gregório Alves Correia,gregorio@brasil.runhausen.com,Mr do Brasil Ind. Mecânica Ltda.,Sem registro MX,Inativo
Guillhermo Cassina,euzebio@maksanmartin.com.br,Máquinas Sanmartin Ltda.,Sem registro MX,Inativo
José Pereira,jose.pereira@novodisc.com.br,Novodisc Mídia Digital da Amazônia Ltda.,Sem registro MX,Inativo
Nanci Tramarico,importacao@omron.com.br,Omron Eletrônica do Brasil Ltda.,Sem registro MX,Inativo
Marcos Antônio Cavalcante,mantonio_ppsa@cvrd.com.br,Pará Pigmentos S.A.,Sem registro MX,Inativo
Julio Brust,julio@pastrela.com.br,Plastrela Embalagens Flexíveis Ltda.,Sem registro MX,Inativo
Ademir Ferrari,fabio.pereira@rigesa.com.br,Rigesa Celulose Papel e Embalagens Ltda.,Sem registro MX,Inativo
Fernando Haag Roos,sulmaq@visão.com.br,Sulmaq Industrial Comercial S.A.,Sem registro MX,Inativo
Edson Takahashi,sulzer.brasil@sulzer.com,Sulzer Brasil S.A.,Timeout DNS (servidor não responde),Inativo
Fernanda Santos,fernanda.santos@sumig.com,Sumig Robótica e Automação Ltda.,Timeout DNS (servidor não responde),Inativo
Amadeu Martins,trader@trablin.com.br,Trablin Trader Brasileiras de Ligas e Inoculantes S.A,Sem registro MX,Inativo
Cintia Saldiva,csaldiva@trombini.com.br,Trombini Embalagens S.A.,Timeout DNS (servidor não responde),Inativo
Juliana Boettcher Seibert,tabacos@unileaf.com.br,Universal Leaf Tabacos Ltda.,Timeout DNS (servidor não responde),Inativo
Gilson Hirakawa,ghirakawa@veeder.com.br,Veeder Root do Brasil Com. e Ind. Ltda.,Sem registro MX,Inativo
Cleide Nigra Marques,couros@prudenet.com.br,Vitapelli Ltda.,Sem registro MX,Inativo
Humberto Martines Garcia,advc@sti.com.br,Advance Ind. Têxtil,Caixa Inexistente (550 / Bounce),Inativo
Tatiane,comercioexterior@alberflex.com.br,Alberflex Ind. de Móveis Ltda.,Caixa Inexistente (550 / Bounce),Inativo
Stassffan Martendal,com_exterior@aldoro.com.br,Aldoro Ind. de Pós e Pigmentos Metálicos Ltda.,Caixa Inexistente (550 / Bounce),Inativo
Camila Palma,camila.palma@alphaprint.com.br,Alphaprint Comercio Imp. Exp. Ltda.,Caixa Inexistente (550 / Bounce),Inativo
Vanessa Batista,vanessa.batista@scorp.com,Alumaq Locação e Com. de Máquinas de Solda Ltda.,Caixa Inexistente (550 / Bounce),Inativo
Eli Novais,compras@anion.com.br,Anion Química Industrial Ltda.,Caixa Inexistente (550 / Bounce),Inativo
Paulo Barrella,paulo.barrella@anixter.com,Anixter do Brasil Ltda.,Caixa Inexistente (550 / Bounce),Inativo
Ligia,lgenova@ashland.com,Antalis do Brasil Produtos Para A Ind. Gráfica Ltda.,Caixa Inexistente (550 / Bounce),Inativo
Robson,robson@apoloinformatica.com.br,Apolo Tecnologia e Informática Comercial Ltda,Caixa Inexistente (550 / Bounce),Inativo
Diego,joecorrea@apramed.com.br,Apramed - Ind. e Com. de Aparelhos Médicos Ltda.,Caixa Inexistente (550 / Bounce),Inativo
Leandro,compras@graficaaraguaia.com.br,Araguaia Industria Gráfica e Editora Ltda.,Caixa Inexistente (550 / Bounce),Inativo
Leia Pacheco,arbolleia@terra.com.br,Arbol Comércio de Papéis Ltda.,Caixa Inexistente (550 / Bounce),Inativo
Fernando Cruz Gonzalez,exim@astra-sa.com.br,Astra S.A. Ind. e Com.,Caixa Inexistente (550 / Bounce),Inativo
Luís Francisco Vieira,financ@asvotec.com.br,Asvotec Termoindustrial Ltda.,Caixa Inexistente (550 / Bounce),Inativo
Robinson Balestero,rbalestero@autocam.com.br,Autocam do Brasil Usinagem Ltda.,Caixa Inexistente (550 / Bounce),Inativo
Tereza,victor-sucar@milliken.com,Autotex Ind. e Com. Têxtil Ltda.,Caixa Inexistente (550 / Bounce),Inativo
Criseli Alves Fernandes,claudia@avanco.ind.br,Avanco S.A. Ind. e Com. de Máquinas,Caixa Inexistente (550 / Bounce),Inativo
Marcelo Del Peloso,saquartz@terra.com.br,Avs Brasil Getoflex Ltda.,Caixa Inexistente (550 / Bounce),Inativo
Sylvio Tuma Salomão,acotecnica@acotecnica.com.br,Açotécnica S.A. Ind. e Com.,Caixa Inexistente (550 / Bounce),Inativo
Celina Sato,supplier@bandeirantequimica.com.br,Bandeirante Química Ltda.,Caixa Inexistente (550 / Bounce),Inativo
Hilton Nunes - Diretor Comercial,sales@bann.com,Bann Química Ltda.,Caixa Inexistente (550 / Bounce),Inativo
Pedro Radichi,pedro@baq.com.br,Baq Ltda.,Caixa Inexistente (550 / Bounce),Inativo
Daniel,supply@basilequimica.com.br,Basile Química Industria e Comercio Ltda.,Caixa Inexistente (550 / Bounce),Inativo
Derci Comandini,rozeli.bel@bel.com.br,Bel Produtos Alimentícios Ltda.,Caixa Inexistente (550 / Bounce),Inativo
Mônica,monica@bellis-technology.com.br,Bellis Tecnologia e Automação Ltda.,Caixa Inexistente (550 / Bounce),Inativo
Juliana Diniz Macedo,juliana.comex@bigfoods.com.br,Big Foods Produtos Alimentícios Ltda.,Caixa Inexistente (550 / Bounce),Inativo
Bijouterias Mabel Comercio E Importacao Ltda,fatima@mabelimport.com.br,Bijouterias Mabel Comercio Importação Ltda,Caixa Inexistente (550 / Bounce),Inativo
Rubi,rubi@agepress.com,Bio Soja Ind. Químicas e Biológicas Ltda.,Caixa Inexistente (550 / Bounce),Inativo
Delvia E.Batista,edwards@boc.com.br,Boc Edwards Brasil Ltda.,Caixa Inexistente (550 / Bounce),Inativo
Claudia Schillerwein,info@btwbr.com.br,Boehler Thyssen Técnica de Soldagem Ltda.,Caixa Inexistente (550 / Bounce),Inativo
Ricardo Veloso,bollhoff@bollhoff.com.br,Bollhoff Service Center Ltda.,Caixa Inexistente (550 / Bounce),Inativo
Patricia Braile,silvana@braile.com.br,Braile Biomédica Ind. Com. Representações S.A.,Caixa Inexistente (550 / Bounce),Inativo
Sofia Costa,brampac@brampac.com.br,Brampac S.A.,Caixa Inexistente (550 / Bounce),Inativo
Celso Oliveira,celso.oliveira@alpla.com,Brasalpla Brasil Ltda.,Caixa Inexistente (550 / Bounce),Inativo
America Oliveira,lrigo@brascabos.com.br,Brascabos Componentes Elétricos e Eletrônicos Ltda.,Caixa Inexistente (550 / Bounce),Inativo
Abner Santana,simone.mantovani@brascola.com.br,Brascola Ltda.,Caixa Inexistente (550 / Bounce),Inativo
Nilo Cotini Filho,amelia@brasilgrafica.com.br,Brasilgrafica S.A. - Indústria e Comércio,Caixa Inexistente (550 / Bounce),Inativo
Wanderlei Ribeiro /Wagner Baviera,wanderlei.ribeiro@brasilquimica.com.br,Brasilquimica Indústria e Comércio Ltda.,Caixa Inexistente (550 / Bounce),Inativo
Ary Ferderico Torres Neto,brassinter@brassinter.com.br,Brassinter S.A. Ind. e Com.,Caixa Inexistente (550 / Bounce),Inativo
Aryan,aryan@bravis.com.br,Bravis Coml. Exportadora Ltda. - EPP,Caixa Inexistente (550 / Bounce),Inativo
Carlos Coimbra,carlos@brnbrasil.com.br,BRN Brasil Industria e Comercio Ltda.,Caixa Inexistente (550 / Bounce),Inativo
Lígia Okita,brozemetal@bronzemetal.com.br,Bronze Metal Indústria e Comércio Ltda,Caixa Inexistente (550 / Bounce),Inativo
Cristiane,compras@brotolegal.com.br,Broto Legal Alimentos Ltda.,Caixa Inexistente (550 / Bounce),Inativo
Furlan Jr.,bia.importacao@bruck.com.br,Bruck Imp. Exp. e Com. Ltda.,Caixa Inexistente (550 / Bounce),Inativo
Edson Ferreira De Souza Jr,btech@btech.com.br,Btech Tecnologias Agropecuarias e Comércio Ltda.,Caixa Inexistente (550 / Bounce),Inativo
Mary Lona,brasil@buckman.com.br,Buckman Laboratórios Ltda.,Caixa Inexistente (550 / Bounce),Inativo
Ana Rosa,valvulas@bugattibrasil.com.br,Bugatti Brasil Válvulas Ltda.,Caixa Inexistente (550 / Bounce),Inativo
Florisvaldo de Melo,marli.martins@buhlergroup.com,Buhler S.A.,Caixa Inexistente (550 / Bounce),Inativo
Renato Cinti,rcinti@buntech.com.br,Bun-Tech Tecnologia em Insumos Ltda.,Caixa Inexistente (550 / Bounce),Inativo
Antônio Carlos Ottani,info@burigotto.com.br,Burigotto S.A. Ind. e Com.,Caixa Inexistente (550 / Bounce),Inativo
Gilda,burkert@burkert.com.br,Burkert Contromatic Brasil Ltda.,Caixa Inexistente (550 / Bounce),Inativo
Keyla,cabletech@cabletechbrasil.com.br,Cabletech Ind. e Com. de Condutores Elétricos Ltda.,Caixa Inexistente (550 / Bounce),Inativo
Nicolas Andreas,n.andreas@lappbrasil.com.br,Cabos Lapp Brasil Ltda.,Caixa Inexistente (550 / Bounce),Inativo
Carlos,coordvendas@camargociaembalagens.com.br,Camargo Companhia de Embalagens Ltda.,Caixa Inexistente (550 / Bounce),Inativo
Beth,beth@carbomec.com.br,Carbomec Ind. de Produtos Eletromecânicos Ltda.,Caixa Inexistente (550 / Bounce),Inativo
Tânia Menardo,importexport@carbonolorena.com.br,Carbono Lorena S.A.,Caixa Inexistente (550 / Bounce),Inativo
José Inácio Maia,inacio.maia@cardinal.com,Cardinal Health Brasil 402 Ltda.,Caixa Inexistente (550 / Bounce),Inativo
Stela Pavlakis,stela.pavlakis@cas.com.br,CAS - Produtos Médicos Ltda.,Caixa Inexistente (550 / Bounce),Inativo
Vanessa Flores,vanessa_flores@ccstec.com.br,CCS Tecnologia e Serviços Ltda.,Caixa Inexistente (550 / Bounce),Inativo
Pollyanna Molica,pollyanna.molica@cebibrasil.com.br,Cebi Brasil Ltda.,Caixa Inexistente (550 / Bounce),Inativo
Gilberto Hoshi,celmar@celmarnet.com.br,Celmar Comercial e Importadora Ltda.,Caixa Inexistente (550 / Bounce),Inativo
João Paulo,joao.paulo@celocorteembalagens.com.br,Celocorte Embalagens Ltda.,Caixa Inexistente (550 / Bounce),Inativo
Olívia,olivia@cennabras.com.br,Cennabras Ind. e Com. Ltda.,Caixa Inexistente (550 / Bounce),Inativo
Marcos Roberto Gomes,centauro@centaurobrasil.com.br,Centauro Ind. e Com. Ltda.,Caixa Inexistente (550 / Bounce),Inativo
Gilcy,gilcy@brasilcraft.com.br,Centro Auditivo Oto Sonic Comércio Exp.Importação Ltda.,Caixa Inexistente (550 / Bounce),Inativo
Ana Paula,vendas@tubexpress.com.br,Cerantola do Brasil Ind. e Com. Ltda.,Caixa Inexistente (550 / Bounce),Inativo
Carlos Aguiar,dalca@correionet.com.br,Cervejarias Kaiser Brasil Ltda.,Caixa Inexistente (550 / Bounce),Inativo
Daielly Franzine,export@ceralpisos.com.br,Cerâmica Ramos Ltda.,Caixa Inexistente (550 / Bounce),Inativo
Paulo Mendes / Victor Mendes,paulo.mendes@cava.com.br,Ceva Saúde Animal Ltda.,Caixa Inexistente (550 / Bounce),Inativo
Waldimir Carlos Gandolfo,cury@aleph.com.br,Chapéus Vicente Cury S.A.,Caixa Inexistente (550 / Bounce),Inativo
Lídia Chang,dpacifico@chemtrend.com.br,Chem-Trend Ind. Inc. e Cia.,Caixa Inexistente (550 / Bounce),Inativo
Mario Bellotto,chemicaltech@chemicaltech.com.br,Chemicaltech Imp. Exp. e Com. de Prods Farmacêuticos Ltda,Caixa Inexistente (550 / Bounce),Inativo
Jose Luis Luciano Bueno,chemicon@chemicon.com.br,Chemicon S.A. - Indústrias Químicas,Caixa Inexistente (550 / Bounce),Inativo
Alessandra Climaco Guidi Ou Maildo,chemyunion@chemyunion.com.br,Chemyunion Química Ltda.,Caixa Inexistente (550 / Bounce),Inativo
Sallon,alexandreacris@vivax.com.br,Cia. Hering,Caixa Inexistente (550 / Bounce),Inativo
Juliana Saraiva,juliana.saraiva@prada.com.br,Cia. Metalúrgica Prada,Caixa Inexistente (550 / Bounce),Inativo
Hary Lugen Kahn,dir.comercial@cinpal.com.br,Cinpal Cia. Industrial de Peças para Automóveis,Caixa Inexistente (550 / Bounce),Inativo
Aldo da Silva Neves,aldoneves@clark.com.br,Clark Empilhadeiras do Brasil Ltda.,Caixa Inexistente (550 / Bounce),Inativo
João Carlos Fernandes Lopes,marceloc@netpoint.com.br,Colauto Adesivos e Massas Ltda.,Caixa Inexistente (550 / Bounce),Inativo
Rodrigo Lopes,colornet@colornet.com.br,Colornet Comércio Exterior Ltda.,Caixa Inexistente (550 / Bounce),Inativo
Janaina Alves de Morais,comep@terra.com.br,Comep Ind. e Com. Ltda.,Caixa Inexistente (550 / Bounce),Inativo
Janisse de Oliveira,destrosp@destromacro.com.br,Comercial Destro Ltda.,Caixa Inexistente (550 / Bounce),Inativo
Valter Kenji Sugano,sveloso@commercialvps.com.br,Comercial Vps Com. de Equip. Industriais Ltda,Caixa Inexistente (550 / Bounce),Inativo
Luciana  /  Alan,zimex@zimex.com.br,Comercial Zimex Ltda.,Caixa Inexistente (550 / Bounce),Inativo
Mayumi Maeda,mmaeda@cce.com.br,Componel Ind. e Com. Ltda.,Caixa Inexistente (550 / Bounce),Inativo
Marli Cabral,maily@componet.com.br,Componet Eletro Eletrônica e Redes Ltda.,Caixa Inexistente (550 / Bounce),Inativo
Luis Fernando Valente,lvalente@comprint.com.br,Comprint Indústria e Comércio de Materiais Gráficos Ltda.,Caixa Inexistente (550 / Bounce),Inativo
Aurélio F. Gonzales Macias,constanta@constanta.com.br,Constanta Industrial Ltda.,Caixa Inexistente (550 / Bounce),Inativo
Ricardo Rodrigues,rrodrigues@camargocorrea.com.br,Construções e Com. Camargo Corrêa S.A.,Caixa Inexistente (550 / Bounce),Inativo
Helena Akiko,helenakiko@amcham.com.br,Cooper Power Systems do Brasil Ltda.,Caixa Inexistente (550 / Bounce),Inativo
Jaqueline Santos,jsantos@coorstek.com,Coorstek do Brasil Materiais Avançados Ltda.,Caixa Inexistente (550 / Bounce),Inativo
Sheila,sheila@coremal.com.br,Coremal Com. e Representações Maia Ltda.,Caixa Inexistente (550 / Bounce),Inativo
Osvaldo Valiengo,zaliengood@coring.com,Corning Brasil Ind. e Com. Ltda.,Caixa Inexistente (550 / Bounce),Inativo
Alaide dos Santos Cunha,corticei@fox.com.br,Corticeira Paulista Ltda.,Caixa Inexistente (550 / Bounce),Inativo
Vanda,vanda@cosmotec.com.br,Cosmotec Especialidades Químicas Ltda.,Caixa Inexistente (550 / Bounce),Inativo
Alexandre Silva Costa,costaindexp@terra.com.br,Costa Comércio Importação e Exportação de Produtos Alimenticíos L,Caixa Inexistente (550 / Bounce),Inativo
Gabriela,gabriela@cotiplas.com.br,Cotiplas Ind. e Com. de Artefatos Plásticos Ltda.,Caixa Inexistente (550 / Bounce),Inativo
José Rubens Klaus,jrklaus@covolan.com.br,Covolan Ind. Têxtil Ltda.,Caixa Inexistente (550 / Bounce),Inativo
Bruna Pontes,bruna.pontes@br.nestle.com,CPW Brasil Ltda.,Caixa Inexistente (550 / Bounce),Inativo
Luciane Crispim,luciane.crispim@cromex.com.br,Cromex S.A,Caixa Inexistente (550 / Bounce),Inativo
Rita,exportacao@cromus.com.br,Cromus Embalagens Ind e Com Ltda.,Caixa Inexistente (550 / Bounce),Inativo
Mariana Viveiros,mariana.viveiros@daiichisankyo.com.br,Cropchem Ltda.,Caixa Inexistente (550 / Bounce),Inativo
Lázaro Medeiros,rlopes@crowncork.com.br,Crown Cork Embalagens S.A.,Caixa Inexistente (550 / Bounce),Inativo
Amuna,amuna@orioncores.com.br,Crw Corantes Ltda.,Caixa Inexistente (550 / Bounce),Inativo
Sonia Santos,soniasantos@biosoja.com.br,Danny Com. Imp. e Exp. Ltda.,Caixa Inexistente (550 / Bounce),Inativo
