nome,email,empresa,cidade,servidor_mx,provedor
Roberto Correa de Mello,carnevalli@carnevalli.com,A. Carnevalli Cia. Ltda.,Guarulhos /SP,Timeout DNS (servidor não responde),Inativo
Erica Nakaharada,erica.nakaharada@abenzimas.com.br,Ab Enzimas Brasil Comercial Ltda.,Barueri /SP,Sem registro MX,Inativo
Carlos Kato,ckato@br.abx.fr,Abx Diagnostics Ltda.,São Paulo /SP,Sem registro MX,Inativo
Vitor,compras2@adecol.com.br,Adecol Indústria Química Ltda.,Guarulhos /SP,Sem registro MX,Inativo
Damaris,damaris@augsilk.com.br,Agabê Tecnologia Ind. e Com. Ltda.,São Paulo /SP,Sem registro MX,Inativo
Mariana,marianas@agendaspombo.com.br,Agendas Pombo-Lediberg Ltda.,Cotia /SP,Sem registro MX,Inativo
Almir Lavechia,almir.lavechia@allevard-rejna.com.br,Allevard Molas do Brasil Ltda.,Mogi-Mirim /SP,Sem registro MX,Inativo
Abigail Ester da Luz,abigail@alphabest.com.br,Alpha-Best Soldas Ltda.,São Paulo /SP,Sem registro MX,Inativo
Daniella,daniella@allucomaxx.com.br,Alucomaxx Brasil - Ind. e Com. de Revestimento Ltda.,Guarulhos /SP,Sem registro MX,Inativo
Mario Lima,mariolima@amazonas.com.br,Amazonas Produtos para Calçados Ltda.,Franca /SP,Timeout DNS (servidor não responde),Inativo
Patricia Romao,promao@amitech.com.br,Amitech Brazil Tubos Sa,Ipeuna /SP,Sem registro MX,Inativo
Floriano,floriano@amplimatic.com.br,Amplimatic S.A. Ind. e Com.,São Jose Dos Campos /SP,Sem registro MX,Inativo
Michele Santiago,edgar@arinos.com.br,Arinos Química Ltda.,Osasco /SP,Sem registro MX,Inativo
José Alvaro Rodrigues,jose.rodrigues@metalferbrasil.arvedi.it,Arvedi Metalfer do Brasil S.A.,Salto /SP,Sem registro MX,Inativo
Rafael,supply@aryzta.com.br,Aryzta do Brasil Alimentos Ltda,São Paulo /SP,Sem registro MX,Inativo
Edinei Barderi,vendas@asbrasil.com.br,Asbrasil S.A.,São Bernardo do Campo /SP,Sem registro MX,Inativo
Priscila Perri,perri@atlasmaquinas.com.br,Atlas Ind. e Com. de Máquinas e Acessórios Ltda.,São Paulo /SP,Sem registro MX,Inativo
Kerstin Müller,kerstin.muller@atotech.com,Atotech do Brasil Galvanotecnica Ltda.,Taboão da Serra /SP,Sem registro MX,Inativo
Neide Navickis,neide.navickis@audisenna.com.br,Audi Senna Ltda,Sao Caetano do Sul /SP,Sem registro MX,Inativo
Flavia,vendas@acomacom.com.br,Aços Macom Ind. e Com. Ltda.,Guarulhos /SP,Timeout DNS (servidor não responde),Inativo
Roberto Oliveira,bacardisbc@visualbyte.com.br,Bacardi Martini do Brasil Ind. Com. Ltda.,São Bernardo do Campo /SP,Sem registro MX,Inativo
Luciano,luciano@belliss.com.br,Belliss & Morcom Brasil Ltda.,Itupeva /SP,Sem registro MX,Inativo
Luiz Carlos Maradini,berkel@berkel.com.br,Berkel Chapas Acrílicas Ltda.,São Bernardo Do Campo /SP,Sem registro MX,Inativo
Dave Brooks,cbernard@bernardoquimica.com.br,Bernardo Química S.A.,São Vicente /SP,Sem registro MX,Inativo
Paulo Pavan,ppavan@berrygood.com.br,Berrygood Com. Impo. e Distribuição de Frutas,São Paulo /SP,Sem registro MX,Inativo
Osny José Lessa,beumer.ltd@brasil.beumer.com.br,Beumer Latinoamericana de Equipamentos Ltda.,Campinas /SP,Sem registro MX,Inativo
João Mariano/Paulo Souza,joaomariano@biosoj.com.br,Bio Soja Fertilizantes Ltda.,São Joaquim da Barra /SP,Sem registro MX,Inativo
Paulo Pires De Camargo,paulo@bkg-rotem.com.br,Bkg Rotem Química do Brasil Ltda.,São Paulo /SP,Sem registro MX,Inativo
Wellington Nogueira,wellington.nogueira@comvatec.com,BMD - Comércio de Produtos Médicos Ltda. - Comvatec,Itapevi /SP,Sem registro MX,Inativo
Claudio Henrique Moreira,alessandrasacramento@bontaz-centre.com.br,Bontaz Centre do Brasil Ltda.,Pindamonhangaba /SP,Sem registro MX,Inativo
Sergio,crosslink@crosslink.com.br,Brasif S/A Exp. Imp.,Barueri /SP,Sem registro MX,Inativo
Diego,braslo@braslo.com.br,Braslo Produtos de Carnes Ltda.,Osasco /SP,Sem registro MX,Inativo
Jesiane Ferreira,jesiane.ferreira@waelzholz.com,Brasmetal Waelzholz S.A. Ind. e Com.,Diadema /SP,Timeout DNS (servidor não responde),Inativo
Wellington Fernandes,wbmfernandes@brasutere.com,Brasuture Ind. Com. Imp. e Exp. Ltda.,São Sebastião da Grama /SP,Sem registro MX,Inativo
Edson Preste,bravox@bravox.com.br,Bravox S.A. Ind. e Com. Eletrônico,São Paulo /SP,Timeout DNS (servidor não responde),Inativo
Ana Maria,ana.coutinho@pelkote.com.br,Bray Controls Ind. de Válvulas Ltda.,Guarulhos /SP,Sem registro MX,Inativo
Mario Borelli,andreab@mapri-textron.com.br,Brazaço Mapri Indústrias Metalúrgicas S.A.,São Paulo /SP,Sem registro MX,Inativo
Elaine / Flavio,elaine@bmcbrasil.com.br,Bulk Molding Compounds do Brasil Ind. de Plásticos Reforçados Ltd,Rio Claro /SP,Sem registro MX,Inativo
João Carlos dos Santos,joao.santos@bull.com.br,Bull Ltda.,São Paulo /SP,Sem registro MX,Inativo
Rodrigo,compras@capuani.com.br,Capuani do Brasil Ltda.,Tiete /SP,Timeout DNS (servidor não responde),Inativo
Katia de Souza Silva,katia@zeiss.org,Carl Zeiss do Brasil Ltda,Sao Paulo /SP,Sem registro MX,Inativo
Emileide Freitas,emileide.freitas@casco.com.br,Casco do Brasil Ltda.,Indaiatuba /SP,Sem registro MX,Inativo
Viviane Dias,vdias@ccllabel.com.br,CCL Label do Brasil Rótulos Adesivos S.A.,Vinhedo /SP,Sem registro MX,Inativo
Soraya,marketing@widex.com.br,Centro Auditivo Widex-brasitom Ltda,Sao Paulo /SP,Timeout DNS (servidor não responde),Inativo
Vendas,management@chemetall.com.br,Chemetall do Brasil Ltda.,Diadema /SP,Sem registro MX,Inativo
João Pallottine,jpallottine@chemtra.com.br,Chemtra Comercial Imp. e Exp. Ltda.,São Paulo /SP,Sem registro MX,Inativo
Renata Torneli,rh@wilvale.com.br,Chicago Pneumatic Brasil Ltda.,São Paulo /SP,Sem registro MX,Inativo
Flávia Guimarães,ney@chriscinto.com.br,Chris Cintos de Segurança Ltda.,São Paulo /SP,Sem registro MX,Inativo
Oraida Porto Dominguito,vferman@chtbr.com.br,Cht Brasil Química Ltda.,Cajamar /SP,Sem registro MX,Inativo
Jaime Ramirez,cimplast.saopaulo@cimplast.com.br,Cimplast Embalagens Imp. Exp. e Com. Ltda.,Osasco /SP,Sem registro MX,Inativo
Ivo,ivo.junior@assaiatacadista.cm.br,Citratus Indústria e Comércio de Produtos Químicos Ltda.,Vinhedo /SP,Sem registro MX,Inativo
Luis Aurélio Ferreira Azzolino,salesdep@widesoft.com.br,Citrus Colloids S.A.,Limeira /SP,Sem registro MX,Inativo
Camila Spolaor,clopay@clopay.com.br,Clopay do Brasil Ltda.,São Paulo /SP,Sem registro MX,Inativo
Robson Corrêa da Silva,comercial@coexpan.com.br,Coexpan Brasil Embalagens Ltda.,Jundiaí /SP,Sem registro MX,Inativo
Marco Antônio Momesso,cofibam@cofibam.com.br,Cofibam Condutores Elétricos Ltda.,Carapicuíba /SP,Timeout DNS (servidor não responde),Inativo
Christian Langenegger,christian.langenegger@sefarlatinoamerica.com,Color Screen Ind.e Com. de Materiais Serigraficos Ltda.,São Paulo /SP,Sem registro MX,Inativo
Marcelo Coimbra,mcoimbra@colormatrix.com.br,Colormatrix América do Sul Ltda.,Itupeva /SP,Sem registro MX,Inativo
Sônia Regina Marciano,infocolbra@colorobbia.com.br,Colorobbia Brasil Produtos para Cerâmica Ltda.,Itatiba /SP,Timeout DNS (servidor não responde),Inativo
Marcus Vinícius Martins,mmartins@phelpsdodge.com,Columbian Chemicals Brasil Ltda.,São Paulo /SP,Sem registro MX,Inativo
Luciane de Carvalho,ldspoexsoy@ldcorp.com,Com. e Indústrias Brasileiras Coimbra S.A.,São Paulo /SP,Sem registro MX,Inativo
Fabiana Andrade,comexi_sp@comexibrasil.com.br,Comexi do Brasil Ltda.,São Caetano do Sul /SP,Sem registro MX,Inativo
Claudia,info@brevini.com.br,Compo do Brasil S.A.,Limeira /SP,Sem registro MX,Inativo
Tatiana Pardoni,sac@cornproducts.com.br,Corn Products Brasil Ingredientes Industriais Ltda.,São Paulo /SP,Sem registro MX,Inativo
Adnan Rodrigues,adnanrodrigues@costapacking.com.br,Costapacking Ind. e Com. de Plásticos Ltda.,Pirassununga /SP,Sem registro MX,Inativo
Gustavo,gustavo@creativetintas.com.br,Creative Ind. e Com. Ltda.,São Bernardo do Campo /SP,Sem registro MX,Inativo
Mauro Gergonti,mauro.gergont@crogb.esprint.com.br,Crosfield Brasil Ltda.,São Paulo /SP,Sem registro MX,Inativo
Cinthia Alvarenga,cinthia.alvarenga@daiffproart.com.br,Daihatsu Ind. e Com. de Móveis e Aparelhos Elétricos Ltda.,São Paulo /SP,Sem registro MX,Inativo
Silvana Macedo,silvana.macedo@dalka.com.br,Dalka do Brasil Ltda.,Valinhos /SP,Sem registro MX,Inativo
Edil Spalonsi Silva,deafi@daruma.com.br,Daruma Telecomunicações e Informática S.A.,Taubaté /SP,Sem registro MX,Inativo
Decio Barros,denoradobrasil@denora.com.br,De Nora do Brasil Ltda.,Sorocaba /SP,Sem registro MX,Inativo
Mathias,mathiassusemihl@dmgbr.com,Deckel Maho Gildemeister Brasil Ltda.,São Paulo /SP,Sem registro MX,Inativo
Rosangela Aparecida Gabriela,alexandre@deltalog.com.br,Delta Logística Integrada Ltda.,Santo Andre /SP,Sem registro MX,Inativo
Rodolpho Saraphin,dep.vendas@deven.ind.br,Denver-Ind. e Com. Ltda.,Suzano /SP,Sem registro MX,Inativo
Durival Silva,durival@dermet.com.br,Dermet do Brasil Ltda,Sao Paulo /SP,Sem registro MX,Inativo
Gilza Porto,gilza.porto@carbionox.com.br,Diatom Mineração Ltda.,Moji Das Cruzes /SP,Sem registro MX,Inativo
Iara Diniz,iara.diniz@dierbergfragrancias.com.br,Dierberger Fragrâncias Ltda.,São Paulo /SP,Sem registro MX,Inativo
Guilherme Faiguenboim,discefa@discefa.com.br,Discefa Brasil Ltda.,São Paulo /SP,Sem registro MX,Inativo
Joao Marinho,erasmosundown@sundown.com.br,Divina Dist de Vitaminas Naturais Sundown R Brasil Ltda.,São Paulo /SP,Sem registro MX,Inativo
Bianca Veiga,bianca.veiga@dmibr.com,DMI Isolantes Elétricos Ltda.,São Bernardo do Campo /SP,Sem registro MX,Inativo
Paulo Afonso Gomes,doka@doka.com.br,Doka Brasil Formas Para Concreto Ltda,Guarulhos /SP,Sem registro MX,Inativo
Kátia Gonzalez,dolfinsp@dolfin.com.br,Dolfin Ind. e Com. Ltda.,Louveira /SP,Sem registro MX,Inativo
Bruno Passos,bruno.passos@homag-south-america.com.br,Draktel Optical Fibre S/A,Taboão da Serra /SP,Sem registro MX,Inativo
Norberto,norberto.a@duraauto.com.br,Dura Automotive Systems do Brasil Ltda.,Rio Grande da Serra /SP,Sem registro MX,Inativo
Daniele Oliveira,daniele.oliveira@orica.com.br,Dyno Nobel Brasil Ltda.,Lorena /SP,Sem registro MX,Inativo
José Antonio Rodrigues,custos@altoastral.com.br,Editora Alto Astral Ltda.,Bauru /SP,Sem registro MX,Inativo
Cristiane Barthel,edscha@edscha.com.br,Edscha do Brasil Ltda.,Sorocaba /SP,Sem registro MX,Inativo
Takanobo Nogami,takanobo.nogami@eisenmann.com.br,Eisenmann do Brasil Equipamentos Indústriais Ltda.,São Paulo /SP,Sem registro MX,Inativo
Tarso Gobbi,msilc@msilc.com.br,Elkem Materials South America Ltda.,Diadema /SP,Sem registro MX,Inativo
Eduardo Boldrim,kauffmann@elterm.com.br,Elterm Resistências Elétricas Ltda.,Barueri /SP,Sem registro MX,Inativo
Elena Kubota,radiofrigor@radiofrigor.com.br,Emerson Electric do Brasil Ltda.,São Paulo /SP,Sem registro MX,Inativo
Rosiane,administrativo@emmeji.com,Emmegi do Brasil Máquinas e Equipamentos Industriais Ltda.,Indaiatuba /SP,Sem registro MX,Inativo
Suzi Alcântara,suzi.alcantara@american.com.br,Euroamerican do Brasil Imp. Ind. e Com. Ltda,Jandira /SP,Sem registro MX,Inativo
Rosemeire Lima,rosemeire.lima@exalbrazil.com.br,Exal Brasil - Fabricação de Embalagens de Alumínio Ltda.,Itupeva /SP,Sem registro MX,Inativo
Adriana Pailer,apailer@fastefood.com,"Fast & Food Importação ,logística e Distribuição Ltda",Taboao da Serra /SP,Sem registro MX,Inativo
Elpídio Gava Júnior,elpidio_gava@fmo.com,Federal Mogul Materiais de Fricção Ltda.,Iracemápolis /SP,Sem registro MX,Inativo
José Alexandre M. Maful,supfeb@ferroenamel.com.br,Ferro Enamel do Brasil Ind. e Com. Ltda.,São Bernardo do Campo /SP,Sem registro MX,Inativo
Ana Luiza F. de Camargo,ana@fertivale.com.br,Fertivale Fertilizantes Vale do Tietê Ltda.,Pederneiras /SP,Sem registro MX,Inativo
Antônio Carlos Zaqueti,fides@zaz.com.br,Fiação Fides S.A.,Jundiaí /SP,Timeout DNS (servidor não responde),Inativo
Marta Kranz,exportacao@fibam.com.br,Fibam Companhia Industrial,São Bernardo do Campo /SP,Timeout DNS (servidor não responde),Inativo
Axelreinar Reinardt,jsena@fischer-dohler.com.br,Fischer Döhler Ltda.,Limeira /SP,Sem registro MX,Inativo
Valter Gian Faldoni,info@forbo-linoleum.com.br,Forbo Linoleum Ltda.,Itapevi /SP,Sem registro MX,Inativo
Neusa Domingos Ramos,compras_formtap@hotnet.com.br,Formitap Ind. e Com. S.A.,Diadema /SP,Sem registro MX,Inativo
Guido Adami Neto,brazil@fciconnect.com.br,Framatome Connectores Brasil Ltda.,São Paulo /SP,Sem registro MX,Inativo
Cristiane Rinaldi,fuchs@fuchs-gewurz.com.br,Fuchs Gewurze do Brasil Ltda.,São Paulo /SP,Sem registro MX,Inativo
Claudio Marques,comext@fujifilm.com.br,Fuji Photo Film do Brasil Ltda.,São Paulo /SP,Sem registro MX,Inativo
Carlos Roberto Sowik,delmar@delmar.com.br,Fábrica de Peças Elétricas Delmar Ltda.,Tatuí /SP,Sem registro MX,Inativo
Maria Cristina,diretoria@galzerano.com.br,Galzerano Ind. de Carrinhos e Berços Ltda.,Limeira /SP,Timeout DNS (servidor não responde),Inativo
Greici Passos,greici.passos@glv.com,Gl&V Brasil Equipamentos Comercio e Serviços Ltda.,Campinas /SP,Sem registro MX,Inativo
Sra. Gláucia Junqueira,International@gnatus.com.br,Gnatus Equipamentos Médico-Odontológicos Ltda.,Ribeirão Preto /SP,Timeout DNS (servidor não responde),Inativo
Julio,trade@casualmoveis.ind.br,GP Comércio Varejista de Móveis Ltda. - EPP - Casual Móveis,São Paulo /SP,Sem registro MX,Inativo
Grace Davison,marketing@grace.davison.com.br,Grace Brasil Ltda.,São Paulo /SP,Sem registro MX,Inativo
Pamela Rose de Simone,graf@grafbr.com.br,Graf Máquinas Têxteis Ind. e Com. Ltda.,Barueri /SP,Sem registro MX,Inativo
Abelardo Levy,sidney.sato@trellerborg.com,Gt do Brasil S.A. - Ind. e Com.,Guarulhos /SP,Sem registro MX,Inativo
Erivaldo Neves,harald@nutecnet.com.br,Harald Ind. e Com. de Alimentos Ltda.,Santana de Parnaiba /SP,Sem registro MX,Inativo
Kelly A. Barbosa,bksv@bksv.com.br,HBM do Brasil Ltda.,São Paulo /SP,Sem registro MX,Inativo
Sebastião Machado,smachado@heatcraftbrasil.com.br,Heatcraft do Brasil Ltda.,São José dos Campos /SP,Sem registro MX,Inativo
Fatima/Daniela,fatima@hemogram.com.br,Hemogram Ind. e Com. de Prod. Hospitalares Ltda.,São Paulo /SP,Sem registro MX,Inativo
Moacir Carlos Marchiori,sac@heraus-kulzer.com.br,Heraeus Kulzer South America Ltda.,São Paulo /SP,Sem registro MX,Inativo
Maurício Martins,hobart@hobart.com.br,Hobart do Brasil Ltda.,São Paulo /SP,Sem registro MX,Inativo
Ernani Bono,vendas@huf.com.br,Huf do Brasil Ltda.,Atibaia /SP,Sem registro MX,Inativo
Renata Magalhaes Casadei,rcasadei@hylinedobrasil.com.br,Hy Line do Brasil Ltda.,Nova Granada /SP,Sem registro MX,Inativo
Araujo,vmaraujo@solenis.com,Hércules do Brasil Produtos Químicos Ltda. - Solenis,São Paulo /SP,Timeout DNS (servidor não responde),Inativo
Vanessa,recepcao.br@im.com,IFM Electronic Ltda.,São Paulo /SP,Sem registro MX,Inativo
Gilberto,fugita@montealto.net,Ind. Alimentícia Fugita Ltda.,Monte Alto /SP,Sem registro MX,Inativo
"Franz Kienast, Peter Kratschmer",export@lopesco.com.br,Ind. de Subprodutos de Origem Animal Lopesco Ltda.,São Paulo /SP,Timeout DNS (servidor não responde),Inativo
Debora Fernanda Barbosa,secampe@secampe.com.br,Ind. Eletromecânica Balestro Ltda.,Mogi-Mirim /SP,Sem registro MX,Inativo
Mikaela / Fabiana,sales.brazil@fronius.com,Industrial Acrilan Ltda.,Diadema /SP,Sem registro MX,Inativo
Ruth Scheer,igal@igal.com.br,Indústria Geral de Aparelhos e Lentes Ltda.,São Paulo /SP,Sem registro MX,Inativo
José Roberto Dias,jose.dias@ingbrammicro.com.br,Ingram Micro Brasil Ltda.,Barueri /SP,Sem registro MX,Inativo
Gustavo Sampaio,gustavo.sampaio@interchange-vet.com.br,Interchange Veterinária Ind. e Com. Ltda.,Campinas /SP,Sem registro MX,Inativo
Simone,simone@anatine.com.br,Intercoffee Com. e Ind. Ltda.,Marilia /SP,Sem registro MX,Inativo
Fernando Ciciliano,fciciliano@interprint.com.br,Interprint Ltda.,São Bernardo Do Campo /SP,Sem registro MX,Inativo
Bimoto,giiii@giii.com.br,Intertrim Ltda.,Cacapava /SP,Sem registro MX,Inativo
Lais Meirelles,inve@inve-br.com,Inve Nutrição Animal Ltda.,Campinas /SP,Sem registro MX,Inativo
Rita De Cassia,rita.cassia@ips.invensys.com,Invensys Systems Brasil Ltda.,São Paulo /SP,Sem registro MX,Inativo
Márcia Zaidman,ipel@ipelbr.com.br,Ipel - Ind. de Pincéis e Embalagens Ltda.,Cajamar /SP,Sem registro MX,Inativo
Denise Ortiz,denise@ipel.com.br,Ipel-itibanyl Produtos Especiais Ltda.,Jarinu /SP,Sem registro MX,Inativo
Rodrigo Sanches,rodrigo.sanches@grupoantolin.es,Iramec Autopeças S.A.,Caçapava /SP,Sem registro MX,Inativo
Flávio Luis Basso,vendas@isocoat.com.br,Isocoat Tintas e Vernizes Ltda.,Aracariguama /SP,Sem registro MX,Inativo
Vera Lucia Marchi,itw.brasil@itw.com.brcom.br,Itw do Brasil Industrial e Comercial Ltda.,São Paulo /SP,Sem registro MX,Inativo
Josiane Guedes,josiane.guedes@itwpolymere.com.br,Itw Ppf Brasil Adesivos Ltda.,Valinhos /SP,Sem registro MX,Inativo
Jairo Antonio,jabrazil@jabrazil.com.br,J. A. Brazil Export Comercial Exportadora Ltda.,Santos /SP,Sem registro MX,Inativo
Antônio Cláudio Almeida,jacuzzi@zaz.com.br,Jacuzzi do Brasil Ind. e Com. Ltda.,Itú /SP,Timeout DNS (servidor não responde),Inativo
Barbara,kathrein@kathrein.com.br,Kathrein Mobilcom Brasil Ltda.,São Paulo /SP,Sem registro MX,Inativo
Iracema Perez,kautex@wac.com.br,Kautex Textron do Brasil Ltda.,Guararema /SP,Sem registro MX,Inativo
Adriana Regina Leite,adrianaleite@kellogg.com.br,Kellogg Brasil e Cia.,São Paulo /SP,Sem registro MX,Inativo
Marcio Casquet da Matta,export@lopesco.com.br,Kienast e Ratschmer Ltda.,São Paulo /SP,Timeout DNS (servidor não responde),Inativo
Vera Aoki,marcio.lacerda@knorr-brense.com,Knorr Bremse Sistemas Para Veículos Ferroviários Ltda.,São Paulo /SP,Sem registro MX,Inativo
Elaine Vieira,ksag@ksdpa.com.br,Kolbenschmidt Distribuidora de Produtos Automotivos Ltda.,São Paulo /SP,Sem registro MX,Inativo
Frederico Wongtschowski,ksbbombas@ksbbombas.com.br,Ksb Bombas Hidráulicas S.A.,Várzea Paulista /SP,Sem registro MX,Inativo
Antonio Ferreira,antonioferreira@kuka-roboter.com.br,Kuka Roboter do Brasil Ltda.,São Paulo /SP,Sem registro MX,Inativo
Wilson Parlermo,kdecanini@stiefel.com.br,Laboratórios Stiefel Ltda.,Guarulhos /SP,Sem registro MX,Inativo
Carlos Jorge Nobre Moreira,vani@lpgola.com.br,Lainiere de Picardie-Golaplast Brasil Têxtil Ltda.,Guarulhos /SP,Sem registro MX,Inativo
Manoel Vital,laob@alfhanet.com.br,Laob Bioquímicos Ltda.,São Paulo /SP,Sem registro MX,Inativo
Rosangela,com@lindalgroup.com.br,Lindal do Brasil Ltda.,Cabreuva /SP,Sem registro MX,Inativo
Adriano Nacif,setta@setta.com.br,Linhas Setta Ltda.,São Paulo /SP,Timeout DNS (servidor não responde),Inativo
Bruno Manzano,b.manzano@lipochemicals.com.,Lipo do Brasil Ltda.,São Paulo /SP,Sem registro MX,Inativo
Margarida Marcussi,margarida@lordla.com.br,Lord Industrial Ltda.,Jundiaí /SP,Sem registro MX,Inativo
Evandro Moreira,emoreira@lwarcel.com.br,Lwart Lubrificantes Ltda.,Lençóis Paulista /SP,Sem registro MX,Inativo
Paulo Sérgio Pompeu Motta,wsouza@metalleve.com.br,Mahle Metal Leve Miba Sinterizados Ltda.,Indaiatuba /SP,Sem registro MX,Inativo
Kendy,kendycomercial@marcolinbr.com.br,Marcolin do Brasil Com. de Produtos Óticos Ltda.,Jundiaí /SP,Sem registro MX,Inativo
Igor Pinheiro,igorpinheiro@maxiplant.com.br,Maxiplant Nutrição Vegetal Ltda.,São Paulo /SP,Sem registro MX,Inativo
Iride Fachini,ifachini@mdint.com,Md International Equipamentos Médicos Comércio e Serviços Ltda.,Barueri /SP,Sem registro MX,Inativo
Luciana Ribeiro,ribeirol@matalfrio.com.br,Metalfrio Solutions Ltda.,São Paulo /SP,Sem registro MX,Inativo
Rogerio Antonio Quideroli,rogerio@mtp-tubos.com.br,Metalúrgica de Tubos de Precisão Ltda.,Guarulhos /SP,Sem registro MX,Inativo
Amanda Fontana,amanda.fontana@mardel.com.br,Metalúrgica Mardel Ltda,Ribeirao Pires /SP,Sem registro MX,Inativo
Eduardo Corigliano,mcenter@microcenter-mc.com.br,Microcenter Teleinformática Comercio e Repres Ltda,Sao Paulo /SP,Sem registro MX,Inativo
Alberto Correa Neto,milano@milanotecnica.com.br,Milano Tecnica Indústria e Comércio Ltda.,Cacapava /SP,Sem registro MX,Inativo
Laercio,laercio@tradalbrazil.com.br,Mineração Caraíba S/A,São Paulo /SP,Sem registro MX,Inativo
Nilton Fernandes Joyce,lsantos@saoma.mitsui.com,Mitsui Alimentos Ltda.,Santos /SP,Sem registro MX,Inativo
Edilene,moldmasters@moldmasters.com.br,Mold-Masters do Brasil e Com. de Sistemas Ltda.,Sumaré /SP,Sem registro MX,Inativo
Edvaldo Oliveira Silva,edvaldosilva@morganitecadinhos.com.br,Morganite Brasil Ltda.,Embu /SP,Sem registro MX,Inativo
Adriano Aparecido de Andrade,antonio.jacob@mvta.com.br,Morro Vermelho Táxi Aéreo Ltda,Sao Paulo /SP,Sem registro MX,Inativo
José Gregório Alves Correia,gregorio@brasil.runhausen.com,Mr do Brasil Ind. Mecânica Ltda.,Embu /SP,Sem registro MX,Inativo
Edson Lima,edson.fidencio@mapaspontex.com.br,Mucambo S.A.,São Paulo /SP,Sem registro MX,Inativo
Mirian,mirian@multilloy.com.br,Multialloy Metais e Ligas Especiais Ltda.,Sao Paulo /SP,Sem registro MX,Inativo
Daniela Maciel,daniela.maciel@ncr.com,Ncr Brasil Ltda.,São Paulo /SP,Timeout DNS (servidor não responde),Inativo
Gisela Brown,netafin@netafin.com.br,Netafin Brasil Sistemas e Equipamentos de Irrigação Ltda.,Ribeirão Preto /SP,Sem registro MX,Inativo
Paulo Barros,paulobarros@newton.com.br,Nework do Brasil Ltda,Sao Paulo /SP,Timeout DNS (servidor não responde),Inativo
Julio Cesar Finardi,julio_cesar@alcatel-cabos.com.br,Nexans Brasil S.A.,Lorena /SP,Sem registro MX,Inativo
Marcos Stahl,export@niasi.com.br,Niasi S.A.,Taboao da Serra /SP,Sem registro MX,Inativo
Joice,comercial@antalisbrasil.com.br,Nitriflex da Amazônia Ind. e Com. S/A,Cotia /SP,Sem registro MX,Inativo
Tatiana Pires de Oliveira,nutrifarms@nutrifarms.com.br,Nutrifarms Ind. e Com. de Nutrição Animal Ltda.,Rio Claro /SP,Sem registro MX,Inativo
Renato Dias,r.dias@omibra.com.br,Omibra Máquinas e Equipamentos Ltda.,Barueri /SP,Sem registro MX,Inativo
Nanci Tramarico,importacao@omron.com.br,Omron Eletrônica do Brasil Ltda.,São Paulo /SP,Sem registro MX,Inativo
Sheila Moreira,placas@onca.com.br,Onca Indústrias Metalúrgicas S.A.,Valinhos /SP,Timeout DNS (servidor não responde),Inativo
Jessé Resende,jesse.resende@onity.biz,Onity Ltda.,São Paulo /SP,Sem registro MX,Inativo
Roberto Lobo / Renata Federighi,"roberto.lobo@duoflex,com.br",Opetra Ind. e Com. de Travesseiros Ltda.,Vinhedo /SP,Sem registro MX,Inativo
Enrique Ponce Lopez,tatiane.exportacao@ortosintese.com.br,Ortosintese Ind. e Com. Ltda.,São Paulo /SP,Timeout DNS (servidor não responde),Inativo
Peter Gruber,panambra@panambraindustrial.com.br,Panambra Industrial e Técnica S.A.,São Paulo /SP,Sem registro MX,Inativo
Tuma Cass Mwosa,butrico@paronoa.com.br,Paranoá Ind. de Borracha S.A.,Diadema /SP,Sem registro MX,Inativo
Lia Valverde,lia@goldenplus.com.br,Paulista Business Comercial Imp. e Exp. Ltda.,São Paulo /SP,Sem registro MX,Inativo
Bianca,bianca@pce-brasil.com,PCE Imp. Com. e Manutenção de Material Cirúrgico Ltda.,São Paulo /SP,Sem registro MX,Inativo
Sílvio Acuno,pecplanabs@pacplanabs.com.br,Pecplan Abs Imp. e Exp. Ltda.,São Paulo /SP,Sem registro MX,Inativo
Walter Inacio Silva,penn-elcom@penn-elcom.com.br,Penn Elcom Comercial e Importadora Ltda.,São Paulo /SP,Sem registro MX,Inativo
Laercio Alves,laercio@tradalbrazil.com.br,Pepperl Fuchs Ltda.,São Bernardo Do Campo /SP,Sem registro MX,Inativo
Paulo Peixoto,perfilor@perfilor-lorena.com.br,"Perfilor S/a Construções, Industria e Comercio",Lorena /SP,Sem registro MX,Inativo
Lino Ferreira / Débora Dorta,lino.ferreira@perkimelker.com,Perkinelmer do Brasil Ltda.,São Paulo /SP,Sem registro MX,Inativo
Mário Andrade,petitmarie@petitmarie.com.br,Petite Marie Quím. Fina Ind.e Com. de Prod. Químicos Ltda.,Itaquaquecetuba /SP,Sem registro MX,Inativo
Padre Arno Brustolin,diretor.mkt@paulius.org.br,Pia Sociedade de São Paulo,São Paulo /SP,Sem registro MX,Inativo
Eduardo Yoshida,pilotpen-pilot@pop-0.sti.com.br,Pilot Pen do Brasil S.A.,São Paulo /SP,Sem registro MX,Inativo
Celia Kubota,pilz@pilzbr.com.br,Pilz do Brasil Sistemas Eletrônicos Industriais Ltda.,São Bernardo Do Campo /SP,Sem registro MX,Inativo
Regina Catarino,planam@planm.com.br,Planam Forros e Divisorias Ltda.,São Paulo /SP,Sem registro MX,Inativo
Maria Teresa Ferro,bratifschc@plastekbrasil.com.br,Plastek do Brasil Ind. e Com. Ltda.,Indaiatuba /SP,Sem registro MX,Inativo
Doris Mansani,doris.mansani@politec.net,Politec Imp. e Com. Ltda.,Barueri /SP,Sem registro MX,Inativo
Hélcio,contabil@prakolar.com.br,Prakolar Rótulos Auto Adesivos Ltda.,São Paulo /SP,Timeout DNS (servidor não responde),Inativo
Julio Cesar Bionchini,vendas@tgmturbinas.com.br,Princeton do Brasil Ind. e Com. Ltda.,Sertãozinho /SP,Sem registro MX,Inativo
Alexia Azevedo,recepcao@prodesmaq.com.br,Prodesmaq Ind. Gráfica Ltda.,Vinhedo /SP,Sem registro MX,Inativo
Carla Pollak,saopaulo@pyrotek.info,Pyrobras Com. e Ind. Ltda.,Taboão da Serra /SP,Sem registro MX,Inativo
Leticia Boretti,lboretti@solenis.com,Quimatec Produtos Químicos Ltda. - Solenis,Araraquara /SP,Timeout DNS (servidor não responde),Inativo
Gislaine Aparecida Costa,gislaine@rmv.com.br,R M V Instrumentos Musicais Ltda.,Guarulhos /SP,Sem registro MX,Inativo
Fernando Ratao,vendas@kingtony.com.br,Raven Comércio e Importação de Ferramentas Ltda.,São Paulo /SP,Timeout DNS (servidor não responde),Inativo
Alessandra Banci,alessandra.banci@benefecencia.org.br,Real e Benemerita Sociedade Portuguesa de Beneficencia,São Paulo /SP,Sem registro MX,Inativo
Lucrecia Aparecida Bertolino Alves,adm@rrdr.com.br,Reggiana Redutores do Brasil Ltda.,Piracicaba /SP,Sem registro MX,Inativo
Livia Cristina,inpex@rein.ind.br,Ren Ind. e Com. Ltda.,São Paulo /SP,Sem registro MX,Inativo
Enrico Nania,renishaw@renishaw.com.br,Renishaw Latino Americana Ltda.,Barueri /SP,Sem registro MX,Inativo
Solange Gamboa,sgamboa@ampacet.com.br,Repexim do Brasil Ltda.,São Paulo /SP,Sem registro MX,Inativo
Márcio Righetti,pedro.tittoto@rexamcan.com.br,Rexam do Brasil Ltda.,São Paulo /SP,Sem registro MX,Inativo
Ademir Ferrari,fabio.pereira@rigesa.com.br,Rigesa Celulose Papel e Embalagens Ltda.,Campinas /SP,Sem registro MX,Inativo
Pamela Sotckinge,importacao@robertet.com.br,Robertet do Brasil Indústria e Comércio Ltda.,Barueri /SP,Timeout DNS (servidor não responde),Inativo
Luiza Alencar,robrasa@robrasa.ind.br,Robrasa Rolamentos Especiais Rothe Erde Ltda.,Diadema /SP,Sem registro MX,Inativo
Nicholas Deakin,ndeakin@rontan.com.br,Rontan Eletro Metalúrgica Ltda.,Tatuí /SP,Sem registro MX,Inativo
Sergio Cao,roler@roler.com.br,Rosler do Brasil Ltda,Cotia /SP,Sem registro MX,Inativo
Eduardo José Gomes Gonçalves,subrasil@sabwabco.com.br,Sab Wabco do Brasil S.A.,São Paulo /SP,Sem registro MX,Inativo
Cristiane,deltalog@deltalog.com.br,Sabaf do Brasil Ltda.,Guarulhos /SP,Sem registro MX,Inativo
Venceslau Muniz,muniz@sanphar.com.br,Sanphar S.A.,Campinas /SP,Sem registro MX,Inativo
Silvio Molinari,madsem@americana.rms.slb.com,Schlumberger Indústrias Ltda.,Campinas /SP,Sem registro MX,Inativo
Artemil Gonzales,artemil.gonzales@seiren-automotivo.com.br,Seiren Produtos Automotivos Ltda.,Votorantim /SP,Sem registro MX,Inativo
Antero,senoidal@senoidal.com.br,Senoidal Eletromecânica Ind. e Com. Ltda.,São Paulo /SP,Timeout DNS (servidor não responde),Inativo
Jonathan Alves Correa,export@sense.com.br,Sense Eletrônica Ltda.,São Paulo /SP,Timeout DNS (servidor não responde),Inativo
Antonio V. Possi,sermatec@sermatec.com.br,Sermatec Ind. e Montagens Ltda.,Sertãozinho /SP,Sem registro MX,Inativo
Renata,renatas@vetbrands.com.br,Sespo Ind. e Com. Ltda.,Jacareí /SP,Sem registro MX,Inativo
Renata,renata@sevolhatratores.com.br,Sevilha Peças para Tratores Ltda.,São Paulo /SP,Sem registro MX,Inativo
Alvaro Silva,fjunior@siciliano.com.br,Siciliano Sa,Sao Paulo /SP,Sem registro MX,Inativo
Michele Capriglione / Sérgio Henrique Claro,sifdir@sifco.com.br,Sifco S.A.,Jundiaí /SP,Sem registro MX,Inativo
Marco,marco@cernet.com.br,Sistemas e Tecnologia Aplicada Ind.e Com. Ltda.,São Paulo /SP,Sem registro MX,Inativo
Leonardo,leonardo.reis@sealedair.com ,Smiths Medical do Brasil Produtos Hospitalares Ltda.,Guarulhos /SP,Sem registro MX,Inativo
Flavia Puganza,f.buganza@sobrahel.com.br,Sobrahel Sociedade Brasileira de Helicópteros Ltda.,Osasco /SP,Sem registro MX,Inativo
Nain Bayeh,imports@sonocoforplas.com.br,Sonoco For-Plas Ltda.,Araras /SP,Sem registro MX,Inativo
Jorge Geganti,jtortelli@panamco.com.br,Spal - Ind. Brasileira de Bebidas S.A.,São Paulo /SP,Sem registro MX,Inativo
Renata Pinheiro e Campos,steam@spirax-sarco.com.br,Spirax Sarco Ind. e Com. Ltda.,Cotia /SP,Sem registro MX,Inativo
Luiz Carlos Gouveia,export@agaprint.com.br,Spp Agaprint Industrial Comercial Ltda.,Osasco /SP,Sem registro MX,Inativo
Tatiana Stuchi Cruz Silvestre,ts.cruz@stollberg.com.br,Stollberg do Brasil Ltda.,Guaratinguetá /SP,Sem registro MX,Inativo
Aline Andrade,sulpeixe@sulpeixe.com.br,Sul Peixe Comercial e Importadora Ltda,Sao Paulo /SP,Sem registro MX,Inativo
Maurício F. do Nascimento,diretoriasbo@snaponsun.com.br,Sun Electric do Brasil Com. e Ind. Ltda.,Sta. Bárbara D'Oeste /SP,Sem registro MX,Inativo
Marineuza,systemplast@systemplast.com.br,System Plast Ltda.,São Paulo /SP,Sem registro MX,Inativo
Eduardo,emolinero@tajimadobrasil.com.br,Tajima do Brasil Com. e Imp. de Máquinas de Bordar Ltda.,São Paulo /SP,Sem registro MX,Inativo
Patrícia Fratini,patricia.fratini@tca-horiba.com.br,TCA/Horiba Sistemas de Testes Automotivos Ltda.,São Caetano do Sul /SP,Sem registro MX,Inativo
Cristina Rebecchi,cristina@tecmedd.com.br,Tecmed Distribuidora de Livros Ribeirão Preto Ltda.,Ribeirão Preto /SP,Sem registro MX,Inativo
Eliane Neves,eneves@tecno-america.com,Tecnoamerica Industria e Comercio Ltda.,Taubate /SP,Sem registro MX,Inativo
Sr. Hercio,tectextil@textextil.com.br,Tectextil Embalagens Têxteis Ltda.,Piracicaba /SP,Sem registro MX,Inativo
Erick Rodovalho,erick@tmsw.com.br,The Marketing Store Worldwide Consumer Products Ltda.,São Paulo /SP,Sem registro MX,Inativo
Jochen Obser,thyssen@thyssen-tps.com.br,Thyssen Production Systems Ltda.,Diadema /SP,Timeout DNS (servidor não responde),Inativo
Elza Bonifacio,tiptoe@tiptoe.com.br,Tiptoe Ind. e Com. de Calçados Ltda.,Birigüi /SP,Sem registro MX,Inativo
Augusto Amaral Dutra,torres@torres.ind.br,Torres Ind e Com de Etiquetas e Adesivos Ltda.,São Paulo /SP,Sem registro MX,Inativo
Debora Fanti,debora@tourandersson.com.br,Tour & Andersson Ltda.,São Paulo /SP,Sem registro MX,Inativo
Marines Faggian,marines.faggian@tpinet.com.br,TPI Molplastic Ltda.,São Paulo /SP,Sem registro MX,Inativo
Amadeu Martins,trader@trablin.com.br,Trablin Trader Brasileiras de Ligas e Inoculantes S.A,São Paulo /SP,Sem registro MX,Inativo
Amadeu Martins / Mara Cintia S. de Azevedo,trading@trablin.com.br,Trablin Trading Brasileira de Ligas e Inoculantes S.A.,São Paulo /SP,Sem registro MX,Inativo
Regina Vieira,regina.vieira@treibacher.com.br,Treibacher Schleifmittel Brasil Ltda.,Salto /SP,Sem registro MX,Inativo
Luciane Albuquerque /Roberto Belleno,luciane.albuquerque@tubex.com.br,Tubex Ind. e Com. de Embalagens Ltda.,Itupeva /SP,Sem registro MX,Inativo
Alexandre Oliveira,amoliveira@ucdi.com.br,Unipar União de Indústrias Petroquímicas S.A.,Mauá /SP,Sem registro MX,Inativo
Fabiola Pavliuk,fabiola.pavliuk@vatechhydro.com.br,Va Tech Hydro Brasil Ltda.,Barueri /SP,Sem registro MX,Inativo
Virginia de Freitas Pereira,valleexp@vallee.com.br,Vallee S.A.,São Paulo /SP,Sem registro MX,Inativo
Sandra Yamashiro,sandra.yamashiro@vanleer.com,Van Leer Embalagens Industriais do Brasil Ltda.,São Paulo /SP,Sem registro MX,Inativo
Gilson Hirakawa,ghirakawa@veeder.com.br,Veeder Root do Brasil Com. e Ind. Ltda.,São Paulo /SP,Sem registro MX,Inativo
Gustavo,gustavo@vertecplan.com.br,Verona Imp. e Exportações Ltda.,São Paulo /SP,Sem registro MX,Inativo
Iraci,atendimento@textilmatec.com.br,Vetor Materiais Elétricos e Automotivos Ltda.,Franco da Rocha /SP,Sem registro MX,Inativo
Alberto,alberto@victorinox.com.br,Victorinox do Brasil Com. Imp e Exp. Ltda.,São Paulo /SP,Sem registro MX,Inativo
Claudette Tapias,claudette.tapias@vistatek.com.br,Vistatek Produtos Óticos Ltda.,São Paulo /SP,Sem registro MX,Inativo
Cleide Nigra Marques,couros@prudenet.com.br,Vitapelli Ltda.,Presidente Prudente /SP,Sem registro MX,Inativo
Neiva Samara,neiva_samara@volexbras.com.br,Volex do Brasil Ltda.,Jacareí /SP,Sem registro MX,Inativo
Clarissa Boni,clarissaboni@voridian.com,Voridian do Brasil Ltda.,São Paulo /SP,Sem registro MX,Inativo
Eliana Brito,vossht@vossht.com.br,Voss - Ht Ltda.,São Paulo /SP,Sem registro MX,Inativo
Gerson R. M. Barbosa,acionamentos@vulkan-brasil.com.br,Vulkan do Brasil Ltda.,Barueri /SP,Sem registro MX,Inativo
Luís Poli Filho,alexandre.correa@wahler.com.br,Wahler Metalúrgica Ltda.,Piracicaba /SP,Timeout DNS (servidor não responde),Inativo
Camila Rhartkoff,sac@wampfler.com,Wampfler Ltda,Itu /SP,Sem registro MX,Inativo
Wilson Romero Vieira,mauro@vapmolas.com.br,Wapmolas Tibor Ind. e Com. Ltda.,Barueri /SP,Sem registro MX,Inativo
Joelson Ferreira,joelson@watercryl.com.br,Watercryl Química Ltda,Palmital /SP,Sem registro MX,Inativo
Michael Hof,michael.hof@welt-online.com.br,Welt Com. e Distribuição de Eletroeletrônicos Ltda.,Sorocaba /SP,Sem registro MX,Inativo
Monica F Gil,importacao@westlock.com.br,Westlock Equipamentos de Controle Ltda.,Barueri /SP,Sem registro MX,Inativo
James Souza,james.souza@wincor-nixdorf.com,Wincor Nixdorf Soluções em Tecnologia da Informação Ltda.,Atibaia /SP,Sem registro MX,Inativo
Anderson,anderson@winebrands.com.br,Winebrands Comercial e Imp. de Bebidas e Alimentos Ltda.,São Paulo /SP,Timeout DNS (servidor não responde),Inativo
Andre Vie Hsan Liu,andre@allflavors.com.br,Yah Sheng Chong Com. e Ind. Ltda.,São Paulo /SP,Sem registro MX,Inativo
Angélica,angelica@zanattoschupp.com.br,"Zanatto, Schupp & Cia Ltda.",São Paulo /SP,Sem registro MX,Inativo
