data_hora,nome,email,empresa,status
2026-09-22 20:34:04,Deise,deise@3corp.com.br,3CORP Technology Distribuidora de Equipamentos S.A.,ENVIADO
2026-09-22 20:34:14,José Morales,atendimento@azevedooleos.com.br,A Azevedo Ind. e Com. de Óleos Ltda.,ENVIADO
2026-09-22 20:34:23,Ângelo Pedro Squassoni,faberexports@linkway.com.br,A. W. Faber Castell S.A.,ENVIADO
2026-09-22 20:34:33,Marcia,supane@ame.com.br,A.M.E Eletrônica Ltda.,ENVIADO
2026-09-22 20:34:43,Carlos Lira,carloslira@abapapeis.com.br,Aba Distribuidora de Papeis Máquinas e Equipamentos Ltda.,ENVIADO
2026-09-22 20:34:53,Ricardo,info@abctecnologias.com.br,ABC Equipamentos e Tecnologias Ambientais Ltda. - EPP,ENVIADO
2026-09-22 20:35:03,Jose Benedito Padilha,abp@abpimport.com.br,ABP Importadora e Comercial Ltda,ENVIADO
2026-09-22 20:35:12,Rafael,marketing@aceschmersal.com.br,Ace Schmersal Eletroeletrônica Ind.l Ltda.,ENVIADO
2026-09-22 20:35:22,Ligia,ligia.comex@acoespecial.com.br,Acoespecial Coml. Ltda.,ENVIADO
2026-09-22 20:35:31,Camila Barros,camila@acpcomponentes.com.br,Acp Comércio Atacadista de Componentes Eletrônicos Ltda.,ENVIADO
2026-09-23 00:22:51,Rubens Peres Júnior,export@acrilex.com.br,Acrilex Tintas Especiais S.A.,ENVIADO
2026-09-23 00:23:00,Artemio Da Silva Barbosa,belemmaquinas@uol.com.br,Actreg do Brasil Ltda.,ENVIADO
2026-09-23 00:23:10,Cinthia / Karla / Everton / Gustavo,gonzalo.perez@ajax.com.br,Acumuladores Ajax Ltda.,ENVIADO
2026-09-23 00:23:19,Edvaldo Zara,hecton@aczinox.com.br,Acz Inox Comercial Ltda,ENVIADO
2026-09-23 00:23:28,Luis,luis@adaime.com.br,Adaime Imp. e Exp. Ltda.,ENVIADO
2026-09-23 00:23:38,Daniel Mehler,adatex@adatex.com.br,Adatex S.A. Industrial e Comercial,ENVIADO
2026-09-23 00:23:47,Marcio Schiaveto,addn@addn.com.br,Addn Assistência Técnica Com. e Ind. Ltda.,ENVIADO
2026-09-23 00:23:56,Vera Hamerski,vera@adelbras.com,Adelbras Ind. e Com. de Adesivos Ltda.,ENVIADO
2026-09-23 00:24:06,José Roberto Vincinança,adere@adere.com,Adere Produtos Auto Adesivos Ltda.,ENVIADO
2026-09-23 00:24:16,Humberto Martines Garcia,advc@sti.com.br,Advance Ind. Têxtil,BOUNCE / EMAIL INEXISTENTE
2026-09-23 00:24:25,Stella Pavlakis,stella.pavlakis@sonora.com,Advanced Bionics Instrumentos Auditivos do Brasil Ltda.,ENVIADO
2026-09-23 00:24:34,Morgan Watkins,juliana@aerzen.com.br,Aerzen do Brasil Ltda.,ENVIADO
2026-09-23 00:24:44,Ana Paula Ferreira,anapaulaferreira@agrana.com,Agrana Fruit Brasil Ind. Com. Imp. e Exp. Ltda.,ENVIADO
2026-09-23 00:24:53,Carla Souza,carlasouza@agrichem.com.br,Agrichem do Brasil Ltda.,ENVIADO
2026-09-23 00:25:02,Maria Antonia,mantonia@agrowiser.com.br,Agro Comercial Wiser Ltda.,ENVIADO
2026-09-23 00:25:12,Vivian,comercial@swagelok.com.br,Agroceres Nutricão Animal Ltda.,ENVIADO
2026-09-23 00:25:22,Ailton,ailton@agroplanta.com.br,Agroplanta Industrias Químicas Ltda.,ENVIADO
2026-09-23 00:25:31,José,jose@stahl.com.br,Agrostahl S.A. Ind. e Com.,ENVIADO
2026-09-23 00:25:40,Lidia Oliveira,lidia.oliveira@agrosystem.com.br,"Agrosystem Com., Importação e Exp. Ltda.",ENVIADO
2026-09-23 00:25:50,Roberson  / Tadeu,roberson@agrariafert.com.br,Agrária Ind. e Com. Ltda.,ENVIADO
2026-09-23 00:25:59,Marocs Higo,mhigo@aisin-brasil.com.br,Aisin do Brasil Com. e Ind. Ltda.,ENVIADO
2026-09-23 00:26:08,Claudio Pagani,sac@br.ajinomoto.com,Ajinomoto Biolatina Ind. e Com. Ltda.,ENVIADO
2026-09-23 00:26:18,Regiane,import@alamarr.com.br,Alamar Tecno Cientifica Ltda.,ENVIADO
2026-09-23 00:26:27,Tatiane,comercioexterior@alberflex.com.br,Alberflex Ind. de Móveis Ltda.,BOUNCE / EMAIL INEXISTENTE
2026-09-23 00:26:37,Gisele Pavan,alcar@alcar.com.br,Alcar Abrasivos Ltda.,ENVIADO
2026-09-23 00:26:46,Stassffan Martendal,com_exterior@aldoro.com.br,Aldoro Ind. de Pós e Pigmentos Metálicos Ltda.,BOUNCE / EMAIL INEXISTENTE
2026-09-23 00:26:56,Rodrigo Ferreira,rodrigo.ferreira@aleris.com,Aleris Latasa Reciclagem Ltda.,ENVIADO
2026-09-23 00:27:05,Michelle,compras@alfaterm.com.br,Alfaterm Ind. e Com. Ltda.,ENVIADO
2026-09-23 00:27:15,José Roberto Codato,import@alicante.com.br,Alicante Comércio Importação e Exportação Ltda.,ENVIADO
2026-09-23 00:27:24,Katiuscia Paulon,katiuscia.paulon@alliancels.com,Alliance eo Brasil Máquinas ee Lavanderia Ltda.,ENVIADO
2026-09-23 00:27:34,Bruno Giacometti,bgiacometti@alliedbrasil.com.br,Allied S.A.,ENVIADO
2026-09-23 00:27:43,Mori,mmori@alphapex.com.br,Alphapex Comercio e Representações Ltda.,ENVIADO
2026-09-23 00:27:52,Camila Palma,camila.palma@alphaprint.com.br,Alphaprint Comercio Imp. Exp. Ltda.,BOUNCE / EMAIL INEXISTENTE
2026-09-23 00:28:02,Solange Souza,solange.souza@alpino.com.br,Alpino Ind. Metalúrgica Ltda.,ENVIADO
2026-09-23 00:28:11,Vanessa Batista,vanessa.batista@scorp.com,Alumaq Locação e Com. de Máquinas de Solda Ltda.,BOUNCE / EMAIL INEXISTENTE
2026-09-23 00:28:21,Jean Silva,jean.silva@alvenius.ind.br,Alvenius Equipamentos Tubulares Ltda.,ENVIADO
2026-09-23 00:28:30,Sergio Freitas / Marco Bosso,vendas@amphenol-tfc.com.br,Amphenol TFC do Brasil Ltda.,ENVIADO
2026-09-23 00:28:40,Luci Zilig,comercial@centroflora.com.br,Anidro Brasil Extrações Ltda.,ENVIADO
2026-09-23 00:28:49,Eli Novais,compras@anion.com.br,Anion Química Industrial Ltda.,BOUNCE / EMAIL INEXISTENTE
2026-09-23 00:28:59,Paulo Barrella,paulo.barrella@anixter.com,Anixter do Brasil Ltda.,BOUNCE / EMAIL INEXISTENTE
2026-09-23 00:29:09,Silvana,silvana.caires@anritsu.com,Anritsu Eletrônica Ltda.,ENVIADO
2026-09-23 00:29:18,Ligia,lgenova@ashland.com,Antalis do Brasil Produtos Para A Ind. Gráfica Ltda.,BOUNCE / EMAIL INEXISTENTE
2026-09-23 00:29:28,Augusto Marcelo Gabriel,anticorrosiva@uol.com.br,Anticorrosiva do Brasil Ltda.,ENVIADO
2026-09-23 00:29:37,Sérgio Epof,epof@apisdelta.com.br,Apis Delta Ltda.,ENVIADO
2026-09-23 00:29:47,Robson,robson@apoloinformatica.com.br,Apolo Tecnologia e Informática Comercial Ltda,BOUNCE / EMAIL INEXISTENTE
2026-09-23 00:29:56,Diego,joecorrea@apramed.com.br,Apramed - Ind. e Com. de Aparelhos Médicos Ltda.,BOUNCE / EMAIL INEXISTENTE
2026-09-23 00:30:06,Herminio De Almeida Filho,herminio@apsen.com.br,Apsen Farmacêutica S.A.,ENVIADO
2026-09-23 00:30:15,Gilberto Murgia,eribeiro@apv.com,Apv South America Ind. e Com. Ltda.,ENVIADO
2026-09-23 00:30:25,Leandro,compras@graficaaraguaia.com.br,Araguaia Industria Gráfica e Editora Ltda.,BOUNCE / EMAIL INEXISTENTE
2026-09-23 00:30:34,Leia Pacheco,arbolleia@terra.com.br,Arbol Comércio de Papéis Ltda.,BOUNCE / EMAIL INEXISTENTE
2026-09-23 10:10:19,Jose Carlos Brauner,braunerjc@losinox.com.br,Argosy Aparelhos Auditivos Ltda.,ENVIADO
2026-09-23 10:10:29,Edson da Mata Santos,damata_arim@uol.com.br,Arim Componentes para Fogão Ltda.,ENVIADO
2026-09-23 10:10:38,Adriana,adriana.renor@orthofix.com.br,Arinox Comercial Ltda.,ENVIADO
2026-09-23 10:10:47,Luiz Gomes,luiz.gomes@armacell.com,Armacell Brasil Ltda.,ENVIADO
2026-09-23 10:10:56,Marco Antonio,comex@arneg.com.br,Arneg Brasil Ltda.,ENVIADO
2026-09-23 10:11:06,Rubia,compras@egsa.com.br,Aromat Produtos Químicos Ltda.,ENVIADO
2026-09-23 10:11:16,Ricardo,importacao@arotec.com.br,Arotec S.A. Ind. e Com.,ENVIADO
2026-09-23 10:11:25,Diana,comex@arpol.com.br,Arpol Tintas Tecnologia Ltda.,ENVIADO
2026-09-23 10:11:34,André Correa,andre.correa@arrowbrasil.com.br,Arrow Brasil S.A.,ENVIADO
2026-09-23 10:11:44,Jorge /Betânia,jorge@arthi.com.br,Arthi Comercial Ltda.,ENVIADO
2026-09-23 10:11:53,José Ricardo Xavier,asa@asaaluminio.com.br,Asa Alumínio S.A.,ENVIADO
2026-09-23 10:12:03,Maurício Garcia,ascobrbr@ascoval.com.br,Ascoval Ind. e Com. Ltda.,ENVIADO
2026-09-23 10:12:12,Rogerio,rogerio@asperbras.com.br,Asperbras-Nordeste Irrigação Ltda.,ENVIADO
2026-09-23 10:12:22,Juliano Oni,doural@doural.com.br,Assad Abdalla Neto & Cia Ltda.,ENVIADO
2026-09-23 10:12:31,Creusa,assahi@assahimaquinas.com.br,Assahi Máquinas e Equipamentos Ltda.,ENVIADO
2026-09-23 10:12:40,Antonio Mauricio,mauricio@afip.com.br,Associacão Fundo de Incentivo A Psicofarmacologia,ENVIADO
2026-09-23 10:20:35,José Ubaldino Rosa,asbg@asbg.com.br,Associated Spring do Brasil Ltda.,ENVIADO
2026-09-23 10:20:39,Fernando Cruz Gonzalez,exim@astra-sa.com.br,Astra S.A. Ind. e Com.,BOUNCE / EMAIL INEXISTENTE
2026-09-23 10:20:42,Luís Francisco Vieira,financ@asvotec.com.br,Asvotec Termoindustrial Ltda.,BOUNCE / EMAIL INEXISTENTE
2026-09-23 10:20:45,Luiz Fernado Martinez Mendes,aumund@aumund.com.br,Aumund Ltda.,ENVIADO
2026-09-23 10:20:49,Sandra,sandra@autcomp.com.br,Aut Cia. Indl. e Importadora Ltda.,ENVIADO
2026-09-23 10:20:52,Wesley,autimpex@autimpex.com.br,Autimpex Comercial Ltda.- Epp,ENVIADO
2026-09-23 10:20:55,Robinson Balestero,rbalestero@autocam.com.br,Autocam do Brasil Usinagem Ltda.,BOUNCE / EMAIL INEXISTENTE
2026-09-23 10:20:59,Elisa Akemi M. Hirokawa,eakemi@autometal.com.br,Autometal S.A.,ENVIADO
2026-09-23 10:21:02,Tereza,victor-sucar@milliken.com,Autotex Ind. e Com. Têxtil Ltda.,BOUNCE / EMAIL INEXISTENTE
2026-09-23 10:21:06,Criseli Alves Fernandes,claudia@avanco.ind.br,Avanco S.A. Ind. e Com. de Máquinas,BOUNCE / EMAIL INEXISTENTE
2026-09-23 10:21:09,Max Musqueira,mmusqueira@avaya.com,Avaya Brasil Ltda.,ENVIADO
2026-09-23 10:21:13,Pedro,comercial@avkbr.com.br,AVK - Válvulas do Brasil Ltda.,ENVIADO
2026-09-23 10:21:16,Marcelo Del Peloso,saquartz@terra.com.br,Avs Brasil Getoflex Ltda.,BOUNCE / EMAIL INEXISTENTE
2026-09-23 10:21:19,Karin Almeida,karin.almeida@lemitar.com.br,Aços Caporal Ind. e Com. Ltda.,ENVIADO
2026-09-23 10:21:23,Vasco,acosvic@acosvic.com.br,Aços Vic Ltda.,ENVIADO
2026-09-23 10:21:26,Sylvio Tuma Salomão,acotecnica@acotecnica.com.br,Açotécnica S.A. Ind. e Com.,BOUNCE / EMAIL INEXISTENTE
2026-09-23 10:21:30,Henrique Zillo,biorigin@zilloren.com.br,Açucareira Quata S.A. - Biorigin,ENVIADO
2026-09-23 10:21:33,Sérgio Laurean,bbcind@bbcind.com.br,B B C Ind. e Com. Ltda.,ENVIADO
2026-09-23 10:21:36,Sandra Felix,sandra.felix@balluff.com.br,Balluff Controles Elétricos Ltda.,ENVIADO
2026-09-23 10:21:40,Celina Sato,supplier@bandeirantequimica.com.br,Bandeirante Química Ltda.,BOUNCE / EMAIL INEXISTENTE
2026-09-23 10:21:43,Hilton Nunes - Diretor Comercial,sales@bann.com,Bann Química Ltda.,BOUNCE / EMAIL INEXISTENTE
2026-09-23 10:21:46,Pedro Radichi,pedro@baq.com.br,Baq Ltda.,BOUNCE / EMAIL INEXISTENTE
2026-09-23 10:21:50,José Roberto Ramalho de Almeida,jroberto@basequimica.com.br,Basequimica Produtos Químicos Ltda.,ENVIADO
2026-09-23 10:21:53,Daniel,supply@basilequimica.com.br,Basile Química Industria e Comercio Ltda.,BOUNCE / EMAIL INEXISTENTE
2026-09-23 10:21:57,Edson Aprígio Lopes de Mattos,baumer@baumer.com.br,Baumer S.A.,ENVIADO
2026-09-23 10:22:00,Derci Comandini,rozeli.bel@bel.com.br,Bel Produtos Alimentícios Ltda.,BOUNCE / EMAIL INEXISTENTE
2026-09-23 10:22:04,Érika Priscila,erikapriscila@belenus.com.br,Belenus do Brasil Ltda.,ENVIADO
2026-09-23 10:22:07,Mônica,monica@bellis-technology.com.br,Bellis Tecnologia e Automação Ltda.,BOUNCE / EMAIL INEXISTENTE
2026-09-23 10:22:10,Hélio José da Silva,belmetal.sp@belmetal.com.br,Belmetal Ind. e Com. Ltda.,ENVIADO
2026-09-23 10:22:14,Robervagner Salgado,info@belverbrasil.com.br,Belver Instrumentos Eletrônicos Ltda.,ENVIADO
2026-09-23 10:22:17,Andréia Sena,andreia.sena@bericap.com,Bericap do Brasil Ltda.,ENVIADO
2026-09-23 10:22:20,Vashi Montovani,monark@monark.com.br,Bicicletas Monark S.A.,ENVIADO
2026-09-23 10:22:24,Juliana Diniz Macedo,juliana.comex@bigfoods.com.br,Big Foods Produtos Alimentícios Ltda.,BOUNCE / EMAIL INEXISTENTE
2026-09-23 10:22:27,Bijouterias Mabel Comercio E Importacao Ltda,fatima@mabelimport.com.br,Bijouterias Mabel Comercio Importação Ltda,BOUNCE / EMAIL INEXISTENTE
2026-09-23 10:22:30,Marcos,marcos@biocontrole.com.br,Bio Controle Métodos de Controle de Pragas Ltda.,ENVIADO
2026-09-23 10:22:34,Rubi,rubi@agepress.com,Bio Soja Ind. Químicas e Biológicas Ltda.,BOUNCE / EMAIL INEXISTENTE
2026-09-23 10:22:37,Patricia,patricia_marketing@grandcru.com.br,Bioassist Comercial Ltda.,ENVIADO
2026-09-23 10:22:41,Dr. Rudi Konrad,rkonrad@uniaoquimica.com.br,Biolab Sanus Farmacêutica Ltda.,ENVIADO
2026-09-23 10:22:44,Roberto,bioline@bioline.com.br,Bioline Comercial Ltda.,ENVIADO
2026-09-23 10:22:48,Adriana Affonso,compras@biomedical.ind.br,Biomedical Equip. e Produtos Médico-Cirúrgicos Ltda.,ENVIADO
2026-09-23 10:22:51,Mariana Moreira / Valter Lopes,mariana.moreira@biomin.net,Biomin do Brasil Nutrição Animal Ltda.,ENVIADO
2026-09-23 10:22:54,Mauro G. Gomes,bitzer@bitzer.com.br,Bitzer Compressores Ltda.,ENVIADO
2026-09-23 10:22:58,Rosemeire Andrade,info@blackbox.com.br,Black Box do Brasil Ind. Com. Ltda.,ENVIADO
2026-09-23 10:23:01,Paulo Cezar Rezende,blanver@blanver.com.br,Blanver Farmoquímica Ltda.,ENVIADO
2026-09-23 10:23:05,Paulo Casar de Lima,pclima@schincariol.com.br,Blum Albras Ind. e Com. de Ferragens Ltda.,ENVIADO
2026-09-23 10:23:09,Delvia E.Batista,edwards@boc.com.br,Boc Edwards Brasil Ltda.,BOUNCE / EMAIL INEXISTENTE
2026-09-23 10:23:12,Claudia Schillerwein,info@btwbr.com.br,Boehler Thyssen Técnica de Soldagem Ltda.,BOUNCE / EMAIL INEXISTENTE
2026-09-23 10:23:16,Paulo Strube,messtek@bohnen.com.br,Bohnen Messtek - Importação e Comércio de Equipamentos Ltda.,ENVIADO
2026-09-23 10:23:19,Ricardo Veloso,bollhoff@bollhoff.com.br,Bollhoff Service Center Ltda.,BOUNCE / EMAIL INEXISTENTE
2026-09-23 10:23:23,Herze Dulaurans,herze@bonduelle.com.br,Bonduelle do Brasil Produtos Alimentícios Ltda.,ENVIADO
2026-09-23 10:23:26,Patricia Braile,silvana@braile.com.br,Braile Biomédica Ind. Com. Representações S.A.,BOUNCE / EMAIL INEXISTENTE
2026-09-23 10:23:29,Sofia Costa,brampac@brampac.com.br,Brampac S.A.,BOUNCE / EMAIL INEXISTENTE
2026-09-23 10:23:33,Manuel Marques Mendes,comercial@branyl.com.br,Branyl Com. e Ind. Têxtil Ltda.,ENVIADO
2026-09-23 10:23:36,Celso Oliveira,celso.oliveira@alpla.com,Brasalpla Brasil Ltda.,BOUNCE / EMAIL INEXISTENTE
2026-09-23 10:23:40,America Oliveira,lrigo@brascabos.com.br,Brascabos Componentes Elétricos e Eletrônicos Ltda.,BOUNCE / EMAIL INEXISTENTE
2026-09-23 10:23:44,Abner Santana,simone.mantovani@brascola.com.br,Brascola Ltda.,BOUNCE / EMAIL INEXISTENTE
2026-09-23 10:23:47,Debora,debora@brasflower.com.br,Brasflower Imp. e Exp. de Flores e Frutas Ltda.,ENVIADO
2026-09-23 10:23:51,Cida,compras@brasforma.com.br,Brasforma Ind. e Com. Ltda.,ENVIADO
2026-09-23 10:23:54,Raimundo Silveira,brasilbor@brasilbor.com.br,Brasilbor Comércio e Representações Ltda.,ENVIADO
2026-09-23 10:23:58,Nilo Cotini Filho,amelia@brasilgrafica.com.br,Brasilgrafica S.A. - Indústria e Comércio,BOUNCE / EMAIL INEXISTENTE
2026-09-23 10:24:01,Thiago,comex@fromm.com.br,Brasilpack Sistemas de Embalagens Ltda.,ENVIADO
2026-09-23 10:24:05,Wanderlei Ribeiro /Wagner Baviera,wanderlei.ribeiro@brasilquimica.com.br,Brasilquimica Indústria e Comércio Ltda.,BOUNCE / EMAIL INEXISTENTE
2026-09-23 10:24:08,Caio Salem,brasinoxaco@uol.com.br,Brasinox Aço Inoxidavel Ltda.,ENVIADO
2026-09-23 10:24:13,Othon Grangeia,othon@colormix.com.br,Brasmix Comercio e Importação Ltda,ENVIADO
2026-09-23 10:24:17,Ary Ferderico Torres Neto,brassinter@brassinter.com.br,Brassinter S.A. Ind. e Com.,BOUNCE / EMAIL INEXISTENTE
2026-09-23 10:24:20,Takefumi Wai,brastrela@brastrela.com.br,Brastrela Importação e Exportação Ltda,ENVIADO
2026-09-23 10:24:23,Aryan,aryan@bravis.com.br,Bravis Coml. Exportadora Ltda. - EPP,BOUNCE / EMAIL INEXISTENTE
2026-09-23 10:24:27,Valdir,compras@pateko.com.br,Brevini Latino Americana Ind. e Com. Ltda.,ENVIADO
2026-09-23 10:24:30,Pedro Henrique A. Pucci,bband@brinquedosbandeirante.com.br,Brinquedos Bandeirante S.A.,ENVIADO
2026-09-23 10:24:33,Carlos Coimbra,carlos@brnbrasil.com.br,BRN Brasil Industria e Comercio Ltda.,BOUNCE / EMAIL INEXISTENTE
2026-09-23 10:24:37,Lígia Okita,brozemetal@bronzemetal.com.br,Bronze Metal Indústria e Comércio Ltda,BOUNCE / EMAIL INEXISTENTE
2026-09-23 10:24:40,Cristiane,compras@brotolegal.com.br,Broto Legal Alimentos Ltda.,BOUNCE / EMAIL INEXISTENTE
2026-09-23 10:24:44,Furlan Jr.,bia.importacao@bruck.com.br,Bruck Imp. Exp. e Com. Ltda.,BOUNCE / EMAIL INEXISTENTE
2026-09-23 10:24:47,Eduardo Antonio de Souza,brudden@brudden.com.br,Brudden Equipamentos Ltda.,ENVIADO
2026-09-23 10:24:50,Edson Ferreira De Souza Jr,btech@btech.com.br,Btech Tecnologias Agropecuarias e Comércio Ltda.,BOUNCE / EMAIL INEXISTENTE
2026-09-23 10:24:54,Mary Lona,brasil@buckman.com.br,Buckman Laboratórios Ltda.,BOUNCE / EMAIL INEXISTENTE
2026-09-23 10:24:57,Ana Rosa,valvulas@bugattibrasil.com.br,Bugatti Brasil Válvulas Ltda.,BOUNCE / EMAIL INEXISTENTE
2026-09-23 10:25:01,Florisvaldo de Melo,marli.martins@buhlergroup.com,Buhler S.A.,BOUNCE / EMAIL INEXISTENTE
2026-09-23 10:25:04,Renato Cinti,rcinti@buntech.com.br,Bun-Tech Tecnologia em Insumos Ltda.,BOUNCE / EMAIL INEXISTENTE
2026-09-23 10:25:08,Antônio Carlos Ottani,info@burigotto.com.br,Burigotto S.A. Ind. e Com.,BOUNCE / EMAIL INEXISTENTE
2026-09-23 10:25:11,Gilda,burkert@burkert.com.br,Burkert Contromatic Brasil Ltda.,BOUNCE / EMAIL INEXISTENTE
2026-09-23 10:25:14,Carolina Pereira Lima Gropp,recepcao@casimp.com.br,C.A.S. Importação e Exportação Ltda,ENVIADO
2026-09-23 10:25:18,Keyla,cabletech@cabletechbrasil.com.br,Cabletech Ind. e Com. de Condutores Elétricos Ltda.,BOUNCE / EMAIL INEXISTENTE
2026-09-23 10:25:22,Nicolas Andreas,n.andreas@lappbrasil.com.br,Cabos Lapp Brasil Ltda.,BOUNCE / EMAIL INEXISTENTE
2026-09-23 10:25:25,Marcio Possi,cadium@cadium.com.br,Cadium Comércio Importação e Exportação Ltda,ENVIADO
2026-09-23 10:25:28,Gisela Cazarini,gisela@cainco.com.br,Cainco Equipamentos para Panificação Ltda.,ENVIADO
2026-09-23 10:25:32,Vilma,vilma@caldex.com.br,Caldex Conexões e Equipamentos Ltda.,ENVIADO
2026-09-23 10:25:35,Ana Claudia Figueiredo,exportacao@ferracini.com.br,Calçados Ferracini Ltda.,ENVIADO
2026-09-23 10:25:39,João Dalmina,pampili@pampili.com.br,Calçados Kolli's Ind. e Com. Ltda.,ENVIADO
2026-09-23 10:25:42,Carlos,coordvendas@camargociaembalagens.com.br,Camargo Companhia de Embalagens Ltda.,BOUNCE / EMAIL INEXISTENTE
2026-09-23 10:25:45,Renata Fioravante,renata.fioravante@campari.com,Campari Brasil Ltda.,ENVIADO
2026-09-23 10:25:49,Rebeca,rebeca@canopusquimica.com.br,Canopus Ind. e Com. de Produtos Químicos Ltda.,ENVIADO
2026-09-23 10:25:52,Wernes Babbe,canpac@canpac.com.br,Canpac Comércio e Representações Ltda.,ENVIADO
2026-09-23 10:25:56,Roberto,capricornio@capricornio.com.br,Capricórnio S.A.,ENVIADO
2026-09-23 10:25:59,Dany,dany@rojemac.com.br,Carbinox Ind. e Com. Ltda.,ENVIADO
2026-09-23 10:26:02,Rogério,logistica@uniparcarbocloro.com.br,Carbocloro S.A. Indústrias Químicas,ENVIADO
2026-09-23 10:26:06,Beth,beth@carbomec.com.br,Carbomec Ind. de Produtos Eletromecânicos Ltda.,BOUNCE / EMAIL INEXISTENTE
2026-09-23 10:26:09,Tânia Menardo,importexport@carbonolorena.com.br,Carbono Lorena S.A.,BOUNCE / EMAIL INEXISTENTE
2026-09-23 10:26:13,Persio,comex@carci.com.br,Carci Ind. Com. Aparelhos Cirúrgicos e Ortopédicos Ltda.,ENVIADO
2026-09-23 10:26:16,José Inácio Maia,inacio.maia@cardinal.com,Cardinal Health Brasil 402 Ltda.,BOUNCE / EMAIL INEXISTENTE
2026-09-23 10:26:20,Aline Ando de Lima,carino@carino.com.br,Carino Ingredientes Ltda.,ENVIADO
2026-09-23 10:26:23,Stela Pavlakis,stela.pavlakis@cas.com.br,CAS - Produtos Médicos Ltda.,BOUNCE / EMAIL INEXISTENTE
2026-09-23 10:26:26,Mario Coradi,flavio.siqueira@contini.com.br,Casa Di Conti Ltda.,ENVIADO
2026-09-23 10:26:30,Gérson Domingos Zílio,export@casp.com.br,Casp S.A. Ind. e Com.,ENVIADO
2026-09-23 10:26:33,Valdir,contabilidade@catalisebrasil.com,Catalise Ind. e Com. de Metais Ltda.,ENVIADO
2026-09-23 10:26:36,Daniele Goncalves,importacao@cavemac.com.br,Cavemac Indl e Coml de Maqs Imp e Exp Ltda,ENVIADO
2026-09-23 10:26:40,Vanessa Flores,vanessa_flores@ccstec.com.br,CCS Tecnologia e Serviços Ltda.,BOUNCE / EMAIL INEXISTENTE
2026-09-23 10:26:44,Pollyanna Molica,pollyanna.molica@cebibrasil.com.br,Cebi Brasil Ltda.,BOUNCE / EMAIL INEXISTENTE
2026-09-23 10:26:47,Gilberto Hoshi,celmar@celmarnet.com.br,Celmar Comercial e Importadora Ltda.,BOUNCE / EMAIL INEXISTENTE
2026-09-23 10:26:50,João Paulo,joao.paulo@celocorteembalagens.com.br,Celocorte Embalagens Ltda.,BOUNCE / EMAIL INEXISTENTE
2026-09-23 10:26:54,Olívia,olivia@cennabras.com.br,Cennabras Ind. e Com. Ltda.,BOUNCE / EMAIL INEXISTENTE
2026-09-23 10:26:57,Marcos Roberto Gomes,centauro@centaurobrasil.com.br,Centauro Ind. e Com. Ltda.,BOUNCE / EMAIL INEXISTENTE
2026-09-23 10:27:01,Marcelo,centerval@centerval.com.br,Centerval Indl. Ltda.,ENVIADO
2026-09-23 10:27:04,Gilcy,gilcy@brasilcraft.com.br,Centro Auditivo Oto Sonic Comércio Exp.Importação Ltda.,BOUNCE / EMAIL INEXISTENTE
2026-09-23 10:27:08,Zago,datiquim@datiquim.com.br,Centro Sul Repres. Com. Imp. Exp.Ltda.,ENVIADO
2026-09-23 10:27:12,Ana Paula,vendas@tubexpress.com.br,Cerantola do Brasil Ind. e Com. Ltda.,BOUNCE / EMAIL INEXISTENTE
2026-09-23 10:27:15,Bruno,oxiquimica@oxiquimica.com.br,Cerealista Rosalito Ltda.,ENVIADO
2026-09-23 10:27:18,Carlos Aguiar,dalca@correionet.com.br,Cervejarias Kaiser Brasil Ltda.,BOUNCE / EMAIL INEXISTENTE
2026-09-23 10:27:22,Jefferson,jefferson@cerviflan.com.br,Cerviflan Indl. e Coml. Ltda.,ENVIADO
2026-09-23 10:27:25,Daielly Franzine,export@ceralpisos.com.br,Cerâmica Ramos Ltda.,BOUNCE / EMAIL INEXISTENTE
2026-09-23 10:27:29,João B. Martins,cestari@cestari.com.br,Cestari Industrial e Comercial S.A.,ENVIADO
2026-09-23 10:27:32,Paulo Mendes / Victor Mendes,paulo.mendes@cava.com.br,Ceva Saúde Animal Ltda.,BOUNCE / EMAIL INEXISTENTE
2026-09-23 10:27:36,Mauro Cavalcante,eduardo.breda@ipaper.com,Champion Papel Celulose Ltda.,ENVIADO
2026-09-23 10:27:39,Waldimir Carlos Gandolfo,cury@aleph.com.br,Chapéus Vicente Cury S.A.,BOUNCE / EMAIL INEXISTENTE
2026-09-23 10:27:42,Lídia Chang,dpacifico@chemtrend.com.br,Chem-Trend Ind. Inc. e Cia.,BOUNCE / EMAIL INEXISTENTE
2026-09-23 10:27:46,Mario Bellotto,chemicaltech@chemicaltech.com.br,Chemicaltech Imp. Exp. e Com. de Prods Farmacêuticos Ltda,BOUNCE / EMAIL INEXISTENTE
2026-09-23 10:27:49,Jose Luis Luciano Bueno,chemicon@chemicon.com.br,Chemicon S.A. - Indústrias Químicas,BOUNCE / EMAIL INEXISTENTE
2026-09-23 10:27:53,Alessandra Climaco Guidi Ou Maildo,chemyunion@chemyunion.com.br,Chemyunion Química Ltda.,BOUNCE / EMAIL INEXISTENTE
2026-09-23 10:27:56,Lais dos Santos,financeiro@chiaperini.com.br,Chiaperini Indl. Ltda.,ENVIADO
2026-09-23 10:27:59,Sallon,alexandreacris@vivax.com.br,Cia. Hering,BOUNCE / EMAIL INEXISTENTE
2026-09-23 10:28:03,Juliana Saraiva,juliana.saraiva@prada.com.br,Cia. Metalúrgica Prada,BOUNCE / EMAIL INEXISTENTE
2026-09-23 10:28:06,Cristina Chao,crischao@cikaeletronica.com,Cika Eletrônica do Brasil Ltda.,ENVIADO
2026-09-23 10:28:10,Hary Lugen Kahn,dir.comercial@cinpal.com.br,Cinpal Cia. Industrial de Peças para Automóveis,BOUNCE / EMAIL INEXISTENTE
2026-09-23 10:28:13,William Nicolau,corporativo.comercial@cipatex.com.br,Cipatex - Sintéticos Vinílicos Ltda.,ENVIADO
2026-09-23 10:28:17,José Waldir Beneti,corporativo.comercial@cipatex.com.br,Cipatex Impregnadora de Papéis e Tecidos Ltda.,ENVIADO
2026-09-23 10:28:20,André Carreira,alcandre@citroplast.com.br,Citroplast Ind.e Comércio de Papéis e Plásticos Ltda.,ENVIADO
2026-09-23 10:28:24,Aldo da Silva Neves,aldoneves@clark.com.br,Clark Empilhadeiras do Brasil Ltda.,BOUNCE / EMAIL INEXISTENTE
2026-09-23 10:28:27,Camila,camilam@cobrametais.com.br,Cobra Metais Decorativos Ltda.,ENVIADO
2026-09-23 10:28:31,Paula F. Finotti,paula@codap.com.br,Codap Brasil Ltda.,ENVIADO
2026-09-23 10:28:35,Jorge,importacao@othil.com.br,Cofix - Importação e Exportação de Frutas Ltda.,ENVIADO
2026-09-23 10:28:38,João Carlos Fernandes Lopes,marceloc@netpoint.com.br,Colauto Adesivos e Massas Ltda.,BOUNCE / EMAIL INEXISTENTE
2026-09-23 10:28:42,Leonardo,leonardo.prosperi@dsm.com,Colombo Industria e Comercio Ltda,ENVIADO
2026-09-23 10:28:45,Fabiano Da Silva,acampos@colorcon.com,Colorcon do Brasil Ltda.,ENVIADO
2026-09-23 10:28:49,Rodrigo Lopes,colornet@colornet.com.br,Colornet Comércio Exterior Ltda.,BOUNCE / EMAIL INEXISTENTE
2026-09-23 10:28:52,Carlos,nortesul@nortesul.net,Com. de Equipamentos Norte Sul Ltda.,ENVIADO
2026-09-23 10:28:56,Vanderlei Luiz Melchiori,comalarroz@comal.com.br,Comal-Arroz Ltda.,ENVIADO
2026-09-23 10:28:59,Janaina Alves de Morais,comep@terra.com.br,Comep Ind. e Com. Ltda.,BOUNCE / EMAIL INEXISTENTE
2026-09-23 10:29:03,Janisse de Oliveira,destrosp@destromacro.com.br,Comercial Destro Ltda.,BOUNCE / EMAIL INEXISTENTE
2026-09-23 10:29:07,Adriano Quadros,alholouro@uol.com.br,Comercial e Importadora Louro Ltda.,ENVIADO
2026-09-23 10:29:10,José Forte,cf@comercialforte.com.br,Comercial Forte Ltda.,ENVIADO
2026-09-23 10:29:14,Reinaldo,vendas@comercialinterlink.com,Comercial Inter-Link Ltda.,ENVIADO
2026-09-23 10:29:17,Walter,expo@jahu.com.br,Comercial Jahu Borrachas e Autopeças Ltda.,ENVIADO
2026-09-23 10:29:21,Valter Kenji Sugano,sveloso@commercialvps.com.br,Comercial Vps Com. de Equip. Industriais Ltda,BOUNCE / EMAIL INEXISTENTE
2026-09-23 10:29:24,Luciana  /  Alan,zimex@zimex.com.br,Comercial Zimex Ltda.,BOUNCE / EMAIL INEXISTENTE
2026-09-23 10:29:28,Augusto,augusto@comilcoversand.com.br,Comil Cover Sand Ind. e Com. Ltda.,ENVIADO
2026-09-23 10:29:31,Veridiana Estevo,vendas@ficael.com.br,Coml. Ficael Ltda.,ENVIADO
2026-09-23 10:29:35,Bárbara,barbara@lanmax.com.br,Coml. Starte Ltda.,ENVIADO
2026-09-23 10:29:38,Gisela Spinelli Vaz Lobo,comex@guaratingueta.com.br,Companhia Fiação e Tecidos Guaratinguetá,ENVIADO
2026-09-23 10:29:42,Daniela,daniela@compextec.com.br,Compex Tecnologia Ltda.,ENVIADO
2026-09-23 10:29:45,Mayumi Maeda,mmaeda@cce.com.br,Componel Ind. e Com. Ltda.,BOUNCE / EMAIL INEXISTENTE
2026-09-23 10:29:48,Marli Cabral,maily@componet.com.br,Componet Eletro Eletrônica e Redes Ltda.,BOUNCE / EMAIL INEXISTENTE
2026-09-23 10:29:52,Luis Fernando Valente,lvalente@comprint.com.br,Comprint Indústria e Comércio de Materiais Gráficos Ltda.,BOUNCE / EMAIL INEXISTENTE
2026-09-23 10:29:55,Roberto Cury,bordadoscury@terra.com.br,Comércio de Bordados Rendas e Tecidos Cury Ltda.,ENVIADO
2026-09-23 10:29:59,Cristiano Machado,prosintese@prosintese.com.br,Comércio e Imp. de Prod. Médicos Hospit. Prosintese Ltda.,ENVIADO
2026-09-23 10:30:02,Valeria,valeria@condutti.com.br,Condutti Ind. e Com. de Condutores Elétricos Ltda.,ENVIADO
2026-09-23 10:30:05,Fátima,vendas@conexel.com.br,Conexel Conexões Elétricas Ltda.,ENVIADO
2026-09-23 10:30:09,Fernanda Bagnara,fbagnara@kacyumara.com.br,Confecções Kacyumara Ltda.,ENVIADO
2026-09-23 10:30:13,Flavia,consistec@consistec.com.br,Consistec Controles e Sistemas de Automação Ltda.,ENVIADO
2026-09-23 10:30:16,Aurélio F. Gonzales Macias,constanta@constanta.com.br,Constanta Industrial Ltda.,BOUNCE / EMAIL INEXISTENTE
2026-09-23 10:30:20,Ricardo Rodrigues,rrodrigues@camargocorrea.com.br,Construções e Com. Camargo Corrêa S.A.,BOUNCE / EMAIL INEXISTENTE
2026-09-23 10:30:23,Nilton,marketing@converplast.com.br,Converplast Embalagens Ltda.,ENVIADO
2026-09-23 10:30:27,Helena Akiko,helenakiko@amcham.com.br,Cooper Power Systems do Brasil Ltda.,BOUNCE / EMAIL INEXISTENTE
2026-09-23 10:30:30,Jaqueline Santos,jsantos@coorstek.com,Coorstek do Brasil Materiais Avançados Ltda.,BOUNCE / EMAIL INEXISTENTE
2026-09-23 10:30:34,Estella Pavlakis,contato@argosy.com.br,Copo-Fehrer Ind. de Poliuretano do Brasil Ltda.,ENVIADO
2026-09-23 10:30:37,Sheila,sheila@coremal.com.br,Coremal Com. e Representações Maia Ltda.,BOUNCE / EMAIL INEXISTENTE
2026-09-23 10:30:41,Osvaldo Valiengo,zaliengood@coring.com,Corning Brasil Ind. e Com. Ltda.,BOUNCE / EMAIL INEXISTENTE
2026-09-23 10:30:44,Luis Carlos Perez,mercom@correiasmercurio.com.br,Correias Mercúrio S.A. Ind. e Com.,ENVIADO
2026-09-23 10:30:48,Alaide dos Santos Cunha,corticei@fox.com.br,Corticeira Paulista Ltda.,BOUNCE / EMAIL INEXISTENTE
2026-09-23 10:30:51,Vanda,vanda@cosmotec.com.br,Cosmotec Especialidades Químicas Ltda.,BOUNCE / EMAIL INEXISTENTE
2026-09-23 10:30:55,Alexandre Silva Costa,costaindexp@terra.com.br,Costa Comércio Importação e Exportação de Produtos Alimenticíos L,BOUNCE / EMAIL INEXISTENTE
2026-09-23 10:30:59,Gabriela,gabriela@cotiplas.com.br,Cotiplas Ind. e Com. de Artefatos Plásticos Ltda.,BOUNCE / EMAIL INEXISTENTE
2026-09-23 10:31:03,José Rubens Klaus,jrklaus@covolan.com.br,Covolan Ind. Têxtil Ltda.,BOUNCE / EMAIL INEXISTENTE
2026-09-23 10:31:06,Rejane Santos,rejne.santos@cpicfiber.com,Cpic Brasil Fibras de Vidro Ltda.,ENVIADO
2026-09-23 10:31:09,Bruna Pontes,bruna.pontes@br.nestle.com,CPW Brasil Ltda.,BOUNCE / EMAIL INEXISTENTE
2026-09-23 10:31:12,Alexandre Salomão Cohen,alexandre@cralplast.com.br,Cral Artigos para Laboratório Ltda.,ENVIADO
2026-09-23 10:31:16,Rosa,rosa@cromatek.com.br,Cromax Eletrônica Ltda.,ENVIADO
2026-09-23 10:31:19,Luciane Crispim,luciane.crispim@cromex.com.br,Cromex S.A,BOUNCE / EMAIL INEXISTENTE
2026-09-23 10:31:22,Rita,exportacao@cromus.com.br,Cromus Embalagens Ind e Com Ltda.,BOUNCE / EMAIL INEXISTENTE
2026-09-23 10:31:26,Ronald Kann,irmamendes@uol.com.br,Cronimet Brasil Ltda.,ENVIADO
2026-09-23 10:31:30,Mariana Viveiros,mariana.viveiros@daiichisankyo.com.br,Cropchem Ltda.,BOUNCE / EMAIL INEXISTENTE
2026-09-23 10:31:33,Reginaldo,reginaldo.baroni@br.endress.com,Cross Link Consultoria e Com. Ltda.,ENVIADO
2026-09-23 10:31:36,Lázaro Medeiros,rlopes@crowncork.com.br,Crown Cork Embalagens S.A.,BOUNCE / EMAIL INEXISTENTE
2026-09-23 10:31:40,Antonio Silvio Hugo,crown@crown.com.br,Crown Roll Leaf do Brasil Ltda,ENVIADO
2026-09-23 10:31:43,Amuna,amuna@orioncores.com.br,Crw Corantes Ltda.,BOUNCE / EMAIL INEXISTENTE
2026-09-23 10:31:47,Fernando Rodrigues Carballal,ctouro@curtumetouro.com.br,Curtume Touro Ltda.,ENVIADO
2026-09-23 10:31:50,Nilton Tumonis,vendas@cyklop.com.br,Cyklop do Brasil Embalagens S.A.,ENVIADO
2026-09-23 10:31:53,Solange / Jaqueline,solange@dabasons.com.br,Dabasons Imp. Exp. e Com. Ltda.,ENVIADO
2026-09-23 10:31:57,Dorival Ferrari,dacarto@dacarto.com.br,Dacarto S.A. Ind. de Plásticos,ENVIADO
2026-09-23 10:32:00,Jose Alves Ferreira,Jose.AlvesFerreira@damovo.com,Damovo do Brasil S.A.,ENVIADO
2026-09-23 10:32:04,Sonia Santos,soniasantos@biosoja.com.br,Danny Com. Imp. e Exp. Ltda.,BOUNCE / EMAIL INEXISTENTE
2026-09-23 10:39:54,Andre,cerantola@frisokar.com.br,Daten Tecnologia Ltda.,ENVIADO
2026-09-23 10:39:58,Carlos Alberto Grandeza,cgrandeza@datiquim.com.br,Datiquim Produtos Químicos Ltda,ENVIADO
2026-09-23 10:40:01,Eliana,eliana@dayhome.com.br,Dayhome Coml. Ltda.,ENVIADO
2026-09-23 10:40:05,Perácio Cardoso,dcirighetto@uol.com.br,Dci Dinamic Cassette International do Brasil Com. Ltda.,ENVIADO
2026-09-23 10:40:09,Rogério de Marchi,rogerio@demarchi.com.br,De Marchi Ind. e Com. de Frutas Ltda.,ENVIADO
2026-09-23 10:40:12,Valdir Siedschlag,decar@decar.com.br,Decar Autopeças Ltda.,ENVIADO
2026-09-23 10:40:16,Marly Inson,deg@deg.com.br,Deg Importação de Produtos Químicos Ltda.,ENVIADO
2026-09-23 10:40:20,Alexandre Kumai,alexandre.kumai@delga.com.br,Delga Ind. e Com. Ltda.,ENVIADO
2026-09-23 10:40:23,Henrique,henrique.contabil@ymail.com,Dellafrutta Comércio Atacadista de Frutas Ltda.,ENVIADO
2026-09-23 10:40:27,Mariza C. Souza,mariza@delquimica.com.br,DelQuímica Comercial Ltda.,ENVIADO
2026-09-23 10:40:30,Marcelo Paludetto,democrata@democrata.com.br,Democrata Calçados e Artefatos de Couro Ltda.,ENVIADO
2026-09-23 10:40:34,Maria Celia Carneiro,exportacao@morelli.com.br,Dental Morelli Ltda.,ENVIADO
2026-09-23 10:40:37,Roberto Franco,roberto.franco@denverimper.com.br,Denver Impermeabilizantes Ind. e Com. Ltda.,ENVIADO
2026-09-23 10:40:41,Erico Credidio Turco,desfar@terra.com.br,Des-Far Laboratórios Ltda.,ENVIADO
2026-09-23 10:40:44,Raquel Karpfenstein,raquel@descarpack.com.br,Descarpack Descartáveis do Brasil Ltda.,ENVIADO
2026-09-23 10:40:48,Otavio A. Gonçalves,otavio@devir.com.br,Devir Livraria Ltda.,ENVIADO
2026-09-23 10:40:52,Glaudio,dimartino@dimartino.com.br,Di Martino Indústrias Metalúrgicas Ltda.,ENVIADO
2026-09-23 10:40:56,Andrea Guerreiro,andrea.cristina.guerreiro@carrefour.com,Dia Brasil Sociedade Ltda.,ENVIADO
2026-09-23 10:40:59,André Luís Guarniere,vendas@diadur.com.br,Diadur Ind. e Com. Ltda.,ENVIADO
2026-09-23 10:41:03,Laura Dobelli,laura@dianapaolucci.com.br,Diana Paolucci S.A. Ind. e Com.,ENVIADO
2026-09-23 10:41:06,Flavia Barbalho,flavia.barbalho@diasorin.com.br,Diasorin Ltda.,ENVIADO
2026-09-23 10:41:10,Claudio Macedo,claudio.macedo@dimep.com.br,Dimas de Melo Pimenta S.A. Ind. de Relógios,ENVIADO
2026-09-23 10:41:13,Cássio Omura,cnc@dimensional.com.br,Dimensional Equipamentos Elétricos Ltda.,ENVIADO
2026-09-23 10:41:17,Fabio Santos,fabio.santos@wheatonbrasil.com.br,Dinaco Importação Com. S/A,ENVIADO
2026-09-23 10:41:21,Luiz Eugenio Pedro De Freitas,dinagro@dinagro.com.br,Dinagro Agro Pecuaria Ltda.,ENVIADO
2026-09-23 10:41:24,Marcelo Molterer,info@dinatecnica.com.br,Dinatécnica Ind. e Com. Ltda.,ENVIADO
2026-09-23 10:41:28,Fernando Garcia,dispafilm@dispafilm.com.br,Dispafilm do Brasil Ltda.,ENVIADO
2026-09-23 10:41:31,Marco A P Saba,reliance.comercial@terra.com.br,Distribuidora de Frutas Céu Azul Ltda.,ENVIADO
2026-09-23 10:41:35,Mayara Santos,mayara.santos@sealedair.com,Diversey Brasil Industria Química Ltda.,ENVIADO
2026-09-23 10:41:39,Daniela Salfatis,dni@dni.com.br,DNI Dani Condutores Elétricos Ltda.,ENVIADO
2026-09-23 10:41:43,Paulo Henrique Corradi Mazzer,paulo@doptex.com.br,Doptex Ind. e Com. Têxtil Ltda.,ENVIADO
2026-09-23 10:41:46,Carlos Assis,assis@dori.com.br,Dori Alimentos S/A,ENVIADO
2026-09-23 10:41:50,José Carlos Viana,correio@dormer.com.br,Dormer Tools S.A.,ENVIADO
2026-09-23 10:42:02,Silvana Santana,silvana@doutex.com.br,Dou Tex S.A. Ind. Têxtil,ENVIADO
2026-09-23 10:42:04,Sonia M. B. Monici,sonia.monici@dovac.com.br,Dovac Indústria e Comércio Ltda.,ENVIADO
2026-09-23 10:42:06,Cláudio José,engeturb@aleph.com.br,Dresser-Rand do Brasil Ltda.,ENVIADO
2026-09-23 10:42:08,Yuri Sahuy,comex@drycolor.com,Dry Color Especialidades Químicas Ltda.,ENVIADO
2026-09-23 10:42:10,Viviane Santareli,dubuit@uol.com.br,Dubuit do Brasil Serigrafia Ind. e Com. Ltda.,ENVIADO
2026-09-23 10:42:12,Cristiane Espin,cespin@ducoco.com.br,Ducôco Produtos Alimentícios S.A,ENVIADO
2026-09-23 10:42:14,Nilse Simoes,importacao@dupiza.com.br,Dupiza Comércio Importação Exp. e Distribuição Ltda.,ENVIADO
2026-09-23 10:42:15,Victor Adami,duci@duci.com.br,Dupont Cipatex S.A..,ENVIADO
2026-09-23 10:42:17,Antonio Augusto,durazzo@uol.com.br,Durazzo & Cia Ltda.,ENVIADO
2026-09-23 10:42:19,Mauricio,mauricio@durferrit.com.br,Durferrit do Brasil Química Ltda.,ENVIADO
2026-09-23 10:42:21,Carmen Cavalieri,carmen.cavalieri@duringdobrasil.com.br,During do Brasil Ltda.,ENVIADO
2026-09-23 10:42:23,Mauricio Freitas,mapf@durex.com.br,Durox Produtos Químicos Ltda.,ENVIADO
2026-09-23 10:42:25,Juliano Versoni,compras@dynamicair.com.br,Dynamic Air Ltda.,ENVIADO
2026-09-23 10:42:27,Ficher,dina@dina.com.br,Dynar Automatização Industrial Ltda,ENVIADO
2026-09-23 10:42:29,Ronaldo Akira Nishikawa,inteldept@ebara.com.br,Ebara Indústrias Mecânicas e Com. Ltda.,ENVIADO
2026-09-23 10:42:31,Alessandra Bigatto,alessandra@ebco.com.br,Ebco Systems Ltda.,ENVIADO
2026-09-23 10:42:33,Gabriella M. Zezze,adriana@ebf.com.br,Ebf Vaz Ind. e Com. Ltda.,ENVIADO
2026-09-23 10:42:35,Celise Biasoli,celise.biasoli@br.ebmpapst.com,Ebm-Papst Motores Ventiladores Ltda.,ENVIADO
2026-09-23 10:42:37,Claudio Zoega,claudio@ecil.com.br,Ecil Met Tec Ltda.,ENVIADO
2026-09-23 10:42:39,Cláudio Zoega,zelha@ecil.com.br,Ecil Produtos e Sistemas de Medição e Controle Ltda.,ENVIADO
2026-09-23 10:42:41,Sandra Porta,ecofabril@ecofabril.com.br,Ecofabril Ind. e Com. S.A.,ENVIADO
2026-09-23 10:42:43,Cristina,edalbras_import@edalbras.com.br,Edalbras Ind. e Com. Ltda.,ENVIADO
2026-09-23 10:42:44,Rina,carol.rina@caras.com.br,Editora Caras S.A.,ENVIADO
2026-09-23 10:42:46,Norma,compras@editoradcl.com.br,Editora DCL - Difusão Cultural do Livro Ltda.,ENVIADO
2026-09-23 10:42:48,Rinaldo Silva,rinaldo.silva@ftd.com.br,Editora FTD S.A.,ENVIADO
2026-09-23 10:42:50,Reinaldo Matos,rsmatos@melhoramentos.com.br,Editora Melhoramentos Ltda.,ENVIADO
2026-09-23 10:42:52,Vagner Brito,vagner.brito@edra.com.br,Edra Saneamento Básico Ind. e Com.Ltda.,ENVIADO
2026-09-23 10:43:00,Everaldo Frason,continental@continentalparafusos.com.br,Egsa Equipamentos Para Gás do Brasil Ltda.,ENVIADO
2026-09-23 10:43:02,Tatiana Gelardo,volk@volkdobrasil.com.br,Elantas Isolantes Elétricos do Brasil Ltda.,ENVIADO
2026-09-23 10:43:04,Wellington Costa,wellington.costa@eletrisol.com.br,Eletrisol Ind. e Com. Ltda.,ENVIADO
2026-09-23 10:43:06,Antônio Celso Liberal,comercial@dyna.com.br,Eletromecânica Dyna S.A.,ENVIADO
2026-09-23 10:43:07,Jaime Splettstoser Júnior,luizcarlos@elfusa.com.br,Elfusa Geral de Eletrofusão Ltda.,ENVIADO
2026-09-23 10:43:09,Roberto Ceder,cuisine@elgin.com.br,Elgin Cuisine,ENVIADO
2026-09-23 10:43:11,Estela Perez,estela@elubel.com.br,Elubel Indústria e Comércio Ltda.,ENVIADO
2026-09-23 10:43:13,Felipe  Viana,vianna_felipe@emc.com,Emc Computer Systems Brasil Ltda.,ENVIADO
2026-09-23 10:43:15,Sanda Yamashiro,compras@buw.com.br,Emcomex Empresa de Comércio Exterior Ltda.,ENVIADO
2026-09-23 10:43:17,Cicero Soares,cicero.soares@emersonenergy.com,Emerson Sistemas de Energia Ltda.,ENVIADO
2026-09-23 10:43:19,Antonio Carlos Gonçalves,emicol@emicol.com.br,Emicol Eletro Eletrônica S.A.,ENVIADO
2026-09-23 10:43:21,Sarita Ortiz,saritaortiz@empax.com.br,Empax Embalagens Ltda.,ENVIADO
2026-09-23 10:43:23,Humberto Ustoliar,ecil@ecil-trading.com.br,Empreendimento Comercial Industrial Ecil Ltda.,ENVIADO
2026-09-23 10:43:25,Claudia,claudia@bateriascral.com.br,Endress Hauser Controle e Automação Ltda.,ENVIADO
2026-09-23 10:43:27,Wagner,wagner.imtex@energyarc.com.br,Energyarc Industrial Ltda.,ENVIADO
2026-09-23 10:43:29,Ani,import@engefood.com.br,Engefood Equipamentos Engenharia e Representações Ltda,ENVIADO
2026-09-23 10:43:31,Ivo Saldanha,comercial@engepack.com.br,Engepack Embalagens São Paulo Ltda.,ENVIADO
2026-09-23 10:43:32,Vanessa,vanessa@engereus.com.br,Engereus do Brasil Engenharia e Ind. Eletro Eletronica Ltda,ENVIADO
2026-09-23 10:43:34,Diogo Passos,diogo@epice.com.br,Epice Importação Comércio e Representacões Ltda.,ENVIADO
2026-09-23 10:43:36,Teresa Matsumura,tereza@harman.com.br,Equigas Equipamentos de Gases Ltda.,ENVIADO
2026-09-23 10:43:38,Marisa,compras@emeb.com.br,Equipamentos Emeb do Brasil Ltda.,ENVIADO
2026-09-23 10:43:40,Marcos,marcos@rinnai.com.br,Equipamentos NGK Rinnai Ltda.,ENVIADO
2026-09-23 10:43:42,Fernanda Stefani,fernanda.stefani@telcon.com.br,Equipar - Com. de Equip. Laboratoriais e Hospitalares Ltda.,ENVIADO
2026-09-23 10:43:43,Haribert Frustockl,ekipesca@supernet.com.br,Equipesca - Equipamentos para Pesca Ltda.,ENVIADO
2026-09-23 10:43:45,José Teiji Suzuki,ergomat@ergomat.com.br,Ergomat Ind. e Com. Ltda.,ENVIADO
2026-09-23 10:43:47,Roberto,roberto@eros.com.br,Eros Alto Falantes Ltda,ENVIADO
2026-09-23 10:43:49,Karin Brigitte Guth,export@erwinguth.com.br,Erwin Guth Ltda.,ENVIADO
2026-09-23 10:43:50,Isabel Robles,espabra@espabra.com.br,Espabra Generos Alimentícios Ltda.,ENVIADO
2026-09-23 10:43:52,Juan Carlos Moscovich,juan@etilux.com.br,Etilux Ind. e Com. Ltda.,ENVIADO
2026-09-23 10:43:54,Neli Miranda,euchner@euchner.com.br,Euchner Comércio de Componentes Eletrônicos Ltda.,ENVIADO
2026-09-23 10:43:56,Ricardo Chammas,eurocabos@eurocabos.com.br,Eurocabos Materiais Elétricos Ltda.,ENVIADO
2026-09-23 10:43:57,Marcos Pereira dos Santos,marcos@euroquadros.com.br,Euroquadros Ind. Imp. e Exp. Ltda.,ENVIADO
2026-09-23 10:43:59,Cristiane,eurtoex@eurotex.com.br,Eurotex Com. e Imp. Ltda.,ENVIADO
2026-09-23 10:44:01,Luciana Sabino Rodrigues,comex@esab.com.br,Eutectic do Brasil Ltda.,ENVIADO
2026-09-23 10:44:03,Christiane Satty Katsumata,export@evergreen.com.br,Ever Green Ind. e Com. Ltda.,ENVIADO
2026-09-23 10:44:05,Rogério,compras@evolutionluz.com.br,Evolution Com. Imp. e Exp. Ltda.,ENVIADO
2026-09-23 10:44:06,M. Carmen Kazniakowski,carmen.kazniakowski@flsmidth.com.br,F. L. Smidth Ltda.,ENVIADO
2026-09-23 10:44:08,Debora Gonçalves,leonardo.gouveia@effem.com,F. M. B. Inc. e Cia.,ENVIADO
2026-09-23 10:44:10,José Antonio Garcia Segovia,export@fabrima.com.br,Fabrima Máquinas Automáticas Ltda.,ENVIADO
2026-09-23 10:44:12,Valdemir Gomes Siqueira,valdemir.gomes@fademac.com.br,Fademac S.A.,ENVIADO
2026-09-23 10:44:13,Maicon Isidoro,maicon.isidoro@fanucamerica.com,Fanuc South America Equipamentos de Automação e Serviços Ltda.,ENVIADO
2026-09-23 10:44:15,Paulo,paulo@fobrasa.com.br,Farnell-Newark Inone Dist. de Componentes Eletrônicos,ENVIADO
2026-09-23 10:44:17,Rude,rude@japanparts.com.br,Fast Lube Comércio de Lubrificantes Ltda.,ENVIADO
2026-09-23 10:44:19,Shirley Fukiko Imai,fatec@ibm.net,Fatec S.A.,ENVIADO
2026-09-23 10:44:21,Paula,brasil@favini.com,Favini do Brasil Importação e Venda de Papel Ltda.,ENVIADO
2026-09-23 10:44:23,Armando Geraldo Bredariol,gbredariol@alpinatextil.net,Fiação Alpina Ltda.,ENVIADO
2026-09-23 10:44:25,Milene Córdoba,m.cordoba@findernet.com,Finder Componentes Ltda.,ENVIADO
2026-09-23 10:44:26,Rafael,finepack@finepack.com.br,Finepack Industria Tecnica de Embalagens Ltda,ENVIADO
2026-09-23 10:44:28,Daniel,daniel@fise.com.br,Fise-Fechoplast Industria de Sistemas para Esquadrias Ltda,ENVIADO
2026-09-23 10:44:30,Cristiane Mesiano,cris.mesiano@flamex.com.br,Flamex Comércio Importação e Exportação Ltda.,ENVIADO
2026-09-23 10:44:32,Viviane Silva,importacao@flexform.com.br,Flexform Ind. Metalúrgica Ltda.,ENVIADO
2026-09-23 10:44:34,Marcel Alves,marcel.alves@flir.com.br,Flir Systems Brasil Com. de Câmeras Infravermelhas Ltda.,ENVIADO
2026-09-23 10:44:36,Jose Marcos Boni Costa,diretoria@marcoboni.com.br,Florence Industrial e Comercial Ltda.,ENVIADO
2026-09-23 10:44:38,Gabriel Ribeiro,gabriel.ribeiro@flow-tek.com,Flow Tek Ind. e Com. de Válvulas Ltda.,ENVIADO
2026-09-23 10:44:40,Livia R Rocha,fluid@fluidbrasil.com.br,Fluid Brasil Sistemas e Tecnologia Ltda.,ENVIADO
2026-09-23 10:44:42,Adriana Silva,adriana.silva@fluke.com,Fluke do Brasil Ltda.,ENVIADO
2026-09-23 10:44:44,Cristian,amg.flumar@granel.com.br,Flumar Transportes de Químicos e Gases Ltda.,ENVIADO
2026-09-23 10:44:46,Daniel Fernandes,compras@flutrol.com.br,Flutrol Comercio e Controle de Fluidos Ltda,ENVIADO
2026-09-23 10:44:47,Renato Carneiro,flygt@flygt.com.br,Flygt do Brasil S.A.,ENVIADO
2026-09-23 10:44:49,Juliana Arena,juliana.lobello@ivoclarvivadent.com.br,Fobrasa Com. e Ind. de Máquinas Ltda.,ENVIADO
2026-09-23 10:44:51,Denis Rojas,foothills@foothills.com.br,Foothills Indústria e Comércio Ltda.,ENVIADO
2026-09-23 10:44:53,Marilia Bashiera,marilia.bashiera@forplasembalagens.com.br,For-Plas Indústria de Embalagens Ltda.,ENVIADO
2026-09-23 10:44:55,Marcilene,marcilene@forbex.com,Forbex Brasil Ltda.,ENVIADO
2026-09-23 10:44:56,Denis,forpal@forpal.com.br,Fornecedora de Papel Forpal S.A.,ENVIADO
2026-09-23 10:44:58,Eduardo Debiagi,info@fortitech.com.br,Fortitech South America Industrial e Comercial Ltda.,ENVIADO
2026-09-23 10:45:00,Antônio,brasil@foss.dk,Foss do Brasil Instrumentos Analiticos e Soluções Dedicadas Ltda,ENVIADO
2026-09-23 10:45:02,Sérgio,sbj@ts.com.br,Fratex Ind. e Com. Ltda.,ENVIADO
2026-09-23 10:45:04,André,administracao@frisokar.com.br,Frisokar Equipamentos Plásticos S.A.,ENVIADO
2026-09-23 10:45:06,Fernando Fontes,fernando_fontes@etilux.com.br,Fronius do Brasil Com. Ind. e Serviços Ltda.,ENVIADO
2026-09-23 10:45:08,Alexandre,hetros@hetrosfrutas.com.br,Frugal Importadora e Exportadora Ltda.,ENVIADO
2026-09-23 10:45:10,Lucas,lucas@frutart.com.br,Frutart Comércio de Produtos Agrícolas Eireli,ENVIADO
2026-09-23 10:45:12,Claudio De Benedictis,claudio@fruticolacacique.com.br,Frutícola Cacique Ltda.,ENVIADO
2026-09-23 10:45:14,Rosana Aparecida Benevenuto,fuchsbr@uol.com.br,Fuchs do Brasil S/A,ENVIADO
2026-09-23 10:45:16,Lucia,fuji@fujibrasil.com.br,Fuji do Brasil Máquinas Inds. Ltda.,ENVIADO
2026-09-23 10:45:18,Valdira,comercialvlc@uol.com.br,Full - Power Com. e Confecções Ltda.,ENVIADO
2026-09-23 10:45:20,Ariel Hamoui,ariel@fullfit.com.br,Full Fit Industria Importação e Comercio Ltda,ENVIADO
2026-09-23 10:45:22,Ednelson,epristinta@epristinta.com.br,Fábrica de Artefatos de Latex Estrela - Epristinta Ltda.,ENVIADO
2026-09-23 10:45:24,Jutta Hosman,wafios@sol.com.br,Fábrica de Máquinas Wdb Ltda.,ENVIADO
2026-09-23 10:45:26,Adriana,fenixsp@yahoo.com.br,Fênix Comercio Importação e Exportação Ltda,ENVIADO
2026-09-23 10:45:29,Cassia Regina Vanicola/Eduardo de Souza Moura,cvanicola@gdbr.com.br,G.D do Brasil Máquinas de Embalar Ltda.,ENVIADO
2026-09-23 10:45:30,Luis Gaj,grmusic@uol.com.br,G.R.Instrumentos Musicais Ltda.,ENVIADO
2026-09-23 10:45:32,Selma Faria Costa,scosta@gafor.com.br,Gafor Com. de Produtos Químicos e Papéis Ltda.,ENVIADO
2026-09-23 10:45:35,Suelen,suelen@gail.com.br,Gail Guarulhos Ind. e Com. Ltda.,ENVIADO
2026-09-23 10:45:37,Rosana Goncalves Mello Henrique,rosana@gascat.com.br,Gascat Ind. e Com. Ltda.,ENVIADO
2026-09-23 10:45:39,David Ribas,fernando_vicini@johnsonelectric.com,Gate do Brasil Ltda.,ENVIADO
2026-09-23 10:45:40,Eduardo R. Santos,eduardo.santos@ps.ge.com,Ge Hydro Inepar do Brasil S.A.,ENVIADO
2026-09-23 10:45:42,Heloize,heloize@gefran.com.br,Gefran Brasil Eletroeletrônica Ltda.,ENVIADO
2026-09-23 10:45:44,Giuliano Bertella,info@genco.com.br,Genco Química Industrial Ltda.,ENVIADO
2026-09-23 10:45:46,João Soares,joao.soares@gep.com.br,Gep Ind. e Com. Ltda.,ENVIADO
2026-09-23 10:45:48,José Alfredo Brates,comex.gequimica@ig.com.br,Gequímica Produtos Química Ltda.,ENVIADO
2026-09-23 10:45:51,Alexsandra Arruda,a.arruda@gerresheimer.com,Gerresheimer Plásticos São Paulo Ltda.,ENVIADO
2026-09-23 10:45:53,Sr. Brici,brici@endo-flex.com.br,Gfe do Brasil Ltda,ENVIADO
2026-09-23 10:45:54,Aldaiza Bergamo,importacao@giannini.com.br,Giannini S.A.,ENVIADO
2026-09-23 10:45:56,Rodrigo,compras@girbau.com.br,Girbau do Brasil Máquinas de Lavanderia Ltda.,ENVIADO
2026-09-23 10:45:59,Cristiane Dantas,cristiane.dantas@gkn.com,GKN Sinter Metals Ltda.,ENVIADO
2026-09-23 10:46:00,Sr. Didier,brasil@ggbearings.com,Glacier Garlock Bearings do Brasil Ltda.,ENVIADO
2026-09-23 10:46:02,Douglas Carlo,douglas.carlo@clariant.com,Global Amines Comercio de Produtos Químicos Ltda.,ENVIADO
2026-09-23 10:46:04,Netto,compras@globalpetsa.com.br,Global Pet Reciclagem S.A.,ENVIADO
2026-09-23 10:46:07,Olívia Agnelli,olivia.agnelli@globalfood.com.br,Globalfood Sistemas Ingredientes e Tecnologia para Alimentação Lt,ENVIADO
2026-09-23 10:46:09,Fabio G. Pinto / Sergio Veiga,admvendas@globalpack.com.br,Globalpack Ind. e Com. Ltda.,ENVIADO
2026-09-23 10:46:11,Carina Piccolotto,comercial@globequimica.com.br,Globe Química Ltda.,ENVIADO
2026-09-23 10:46:13,Cristina Iorio / Thaina Leite,cristina.iorio@br.glory-global.com,Glory Global Solutions (Brasil) Máquinas e Equipamentos,ENVIADO
2026-09-23 10:46:15,Cleide Amaro,camaro@gnresound.com.br,Gn Resound Industria e Comercio de Aparelhos Auditivos Ltda,ENVIADO
2026-09-23 10:46:17,Milton Cardoso,grammer@atinet.com.br,Grammer do Brasil Ltda.,ENVIADO
2026-09-23 10:46:19,Kity Komaya,granol.ana@granol.com.br,Granol Ind. Com. e Exp. S.A.,ENVIADO
2026-09-23 10:46:20,João Mariano,joaomariano@biosoja.com.br,Granorte Fertilizantes Ltda.,ENVIADO
2026-09-23 10:46:22,Daniela Missano,daniela.missano@graphicpkg.com.br,Graphic Packaging International do Brasil - Embalagens,ENVIADO
2026-09-23 10:46:24,Kátia Silva,katia.silva@gbo.com,Greiner Bio-One Brasil Produtos Médicos Hospitalares Ltda.,ENVIADO
2026-09-23 10:46:26,João Vicente Panellã Motta,grow@dialdata.com.br,Grow Jogos e Brinquedos S.A.,ENVIADO
2026-09-23 10:46:28,Edmilson Boteon,edmilson.boteon@embramaco.com.br,Grupo Embramaco - Empresa Brasileira de Materiais para Construção,ENVIADO
2026-09-23 10:46:30,Alethea  (Sra.),compras@trousseau.com.br,Gvr Home Ind. e Com. de Enxovais Ltda. -Trousseau,ENVIADO
2026-09-23 10:46:32,Renato Kanetaka / Eduardo Ramalho,renato.kanetaka@gvs.com,Gvs do Brasil Ltda.,ENVIADO
2026-09-23 10:46:33,Karina Balejo,karina.balejo@gen.com.br,Gênese Produtos Farmacêuticos e Diagnósticos Ltda.,ENVIADO
2026-09-23 10:46:35,Ana Luiza Teixeira,analuiza.teixeira@habasit.com.br,Habasit do Brasil Ind. e Com. de Correias Ltda.,ENVIADO
2026-09-23 10:46:37,Renata,renata@haitian.com.br,Haitian Huayuan South America Comércio de Máquinas Ltda.,ENVIADO
2026-09-23 10:46:39,Marcio Garcia,info@hbr.haldex.com,Haldex do Brasil Ind. e Com. Ltda.,ENVIADO
2026-09-23 10:46:41,Sandra Vallilo,sandra.vallilo@hamon.com,Hamon do Brasil Ltda.,ENVIADO
2026-09-23 10:46:42,Ana Maria,ana@handle.com.br,Handle Com. de Equipamentos Médicos Ltda.,ENVIADO
2026-09-23 10:46:44,Carmem Barbosa,carmem.barbosa@harris-brastak.com.br,Harris Soldas Especiais S.A.,ENVIADO
2026-09-23 10:46:46,Dulcelina Dias,comunica@haverbrasil.com.br,Haver e Boecker Latinoamericana Máquinas Ltda.,ENVIADO
2026-09-23 10:46:48,Joaquim Esteves,joaquim.esteves@hbr.net,HBR Equipamentos Ltda.,ENVIADO
2026-09-23 10:46:51,Marcio Favilla,fhassun@hellermanntyton.com.br,Hellermanntyton Ltda.,ENVIADO
2026-09-23 10:46:53,Vania Lucia Feitosa,heraeus@uol.com.br,Heraeus Electro-Nite Instrumentos Ltda.,ENVIADO
2026-09-23 10:46:55,Luiz Henrique da Silva Freitas,vendas@herbicat.com.br,Herbicat Ltda.,ENVIADO
2026-09-23 10:46:57,Leonardo Ventura,leonardo.ventura@hexagon.com,Hexagon Metrology Sistemas de Medição Ltda.,ENVIADO
2026-09-23 10:46:59,Fernanda,fernanda@hidroall.com.br,Hidroall do Brasil Ltda.,ENVIADO
2026-09-23 10:47:01,Giseli Fernanda Oliviera,giseli@hoerbiger.com.br,Hoerbiger do Brasil Indústria de Equipamentos Ltda.,ENVIADO
2026-09-23 10:47:03,Jhorgi Higashi,jhorgi.higashi@altana.com,Homag South America Ltda.,ENVIADO
2026-09-23 10:47:04,Mauricio,marketing@honeywell.com,Honeywell do Brasil Ltda.,ENVIADO
2026-09-23 10:47:06,Eliana Santos,eliana@huesker.com.br,Huesker Ltda.,ENVIADO
2026-09-23 10:47:08,Paula Gonzaga,pgonzaga@husky.ca,Husky do Brasil Sistemas de Injeção Ltda.,ENVIADO
2026-09-23 10:47:10,Rodolfo Domingues,rodolfo.domingues@hydro.com,Hydro Alumínio Acro S/A,ENVIADO
2026-09-23 10:47:12,Luciana Masetti,pbarros@hypercom.com,Hypercom do Brasil Ind. e Com. Ltda.,ENVIADO
2026-09-23 10:47:13,José Lúcio Casteliano,hubner@hubner.com.br,Hübner Sanfonas Industriais Ltda.,ENVIADO
2026-09-23 10:47:15,Sueli Nakama,iqbc@iqbc.com.br,I.Q.B.C.Produtos Químicos Ltda.,ENVIADO
2026-09-23 10:47:17,Helena Pocas Leitao,editoras@ibep-nacional.com.br,IBEP -  Instituto Brasileiro de Edições Pedagogicas Ltda.,ENVIADO
2026-09-23 10:47:19,Juliano Pinheiro,juliano.pinheiro@iberoquimica.com.br,Iberoquimica do Brasil Ltda.,ENVIADO
2026-09-23 10:47:21,Solange,solange@ibg.com.br,Ibg Industria Brasileira de Gases Ltda,ENVIADO
2026-09-23 10:47:22,Glaucia,compras@ibratecgrafica.com.br,Ibratec Artes Gráficas Ltda.,ENVIADO
2026-09-23 10:47:24,Andrea Costa Braga,andrea@iccbrazil.com.br,Icc Industrial Com. Exp. e Imp. Ltda.,ENVIADO
2026-09-23 10:47:26,Sidnei,suprimentos@ideaquimica.com.br,Idea Química Ltda.,ENVIADO
2026-09-23 10:47:28,José,jose@idealwork.com.br,Ideal Work Uniformes e E.P.I.S Ltda,ENVIADO
2026-09-23 10:47:30,Carlos Alberto Presa,exportation@igaratiba.com.br,Igaratiba Ind. e Com. Ltda.,ENVIADO
2026-09-23 10:47:32,Andre Tavan,fatima@funcex.org.br,Iglu Comercial e Importadora Ltda.,ENVIADO
2026-09-23 10:47:33,João,joao@caporal.com.br,Iimak da Amazônia Fitas Para Impressão Ltda.,ENVIADO
2026-09-23 10:47:35,Fábio,imagraf@imagrafbrasil.com.br,Imagraf Ind. de Tintas Graficas Ltda.,ENVIADO
2026-09-23 10:47:37,Mariza C. Maset Nunes,marketing@norgren.com.br,Imi Norgren Ltda.,ENVIADO
2026-09-23 10:47:39,Sérgio Teixeira Rolão,impacta@impacta-brazil.com.br,Impacta S.A. Ind. e Com.,ENVIADO
2026-09-23 10:47:41,Rivaldo,rivaldo@imparsports.com.br,Impar Sports Ind. e Com. de Materiais Esportivos Ltda.,ENVIADO
2026-09-23 10:47:43,Jefferson,jefferson@guririltda.com.br,Importadora e Exportadora Guriri Ltda.,ENVIADO
2026-09-23 10:47:44,Cristiane Barcelos,ambriex@ambriex.com.br,Importação Indústria e Comércio Ambriex S.A.,ENVIADO
2026-09-23 10:47:46,Alfredo Queiroz,inalfa@inalfa.com.br,Inalfa América do Sul Ltda.,ENVIADO
2026-09-23 10:47:48,Shislene Campisi,edson.saniotto@inapel.com.br,Inapel Embalagens Ltda.,ENVIADO
2026-09-23 10:47:50,Teodoro Canossa,inbra@originet.com.br,Inbra Indústrias Químicas Ltda.,ENVIADO
2026-09-23 10:47:52,Luciano Baptista,luciano.baptista@inbrasp.ind.br,Inbrasp - Indúustria Brasileira de Plásticos Ltda.,ENVIADO
2026-09-23 10:47:54,Fabiano,incomaf@incomaf.com.br,Incomaf S.A. Ind. e Com.,ENVIADO
2026-09-23 10:47:56,Petsie Pennings,petsie.pennings@incotec.com.br,Incotec América do Sul Tecnologia em Sementes Ltda.,ENVIADO
2026-09-23 10:47:57,Isaura Tozan,isauratozan@azumakirin.com.br,Ind. Agrícola Tozan Ltda.,ENVIADO
2026-09-23 10:47:59,Heraldo / André,export@indbandeirante.com.br,Ind. Bandeirante de Artef. de Plásticos e Madeira Ltda.,ENVIADO
2026-09-23 10:48:01,Simone,financeiro@ibbaloes.com.br,Ind. Brasileira de Balões S.A.,ENVIADO
2026-09-23 10:48:03,Pedro Pella,nautika@uol.com.br,Ind. Brasileira de Infláveis Nautika Ltda.,ENVIADO
2026-09-23 10:48:05,Luiz,luiz@feltrossantafe.com.br,Ind. de Feltros Santa Fé S.A.,ENVIADO
2026-09-23 10:48:07,Gilberto de Lemos Ribeiro,gilberto@trifil.com.br,Ind. de Meias Scalina Ltda.,ENVIADO
2026-09-23 10:48:08,André Marques,marine@francanet.com.br,Ind. e Com. de Calçados e Artigos de Couro Mariner Ltda.,ENVIADO
2026-09-23 10:48:10,Ivini Granado,export@predilecta.com.br,Ind. e Com. de Conservas Alimentícias Predilecta Ltda.,ENVIADO
2026-09-23 10:48:12,Wagner de La Rovera Pinto,export@zaraplast.com.br,Ind. e Com. de Plásticos Zaraplast Ltda.,ENVIADO
2026-09-23 10:48:14,Christian Kaufmann,vendas@gehaka.com.br,Ind. e Com. Eletro Eletrônica Gehaka Ltda.,ENVIADO
2026-09-23 10:48:16,Fernando Araújo Vitor,jakatz@ibm.net,Ind. e Com. Jolitex Ltda.,ENVIADO
2026-09-23 10:48:18,Carolina Machado,carolina.exp@foroni.com.br,Ind. Gráfica Foroni Ltda.,ENVIADO
2026-09-23 10:48:20,Armando Azevedo da Silva,exportacao@jandaia.com,Ind. Gráfica Jandaia Ltda.,ENVIADO
2026-09-23 10:48:22,Luiz,luiz@samot.com.br,Ind. Mecânica Samot Ltda.,ENVIADO
2026-09-23 10:48:24,Alvaro,alvaro@ima.com.br,Ind. Metalúrgica Alli Ltda.,ENVIADO
2026-09-23 10:48:26,Jailson,erik.parronchi@quimicanastacio.com.br,Ind. Química Anastácio S.A.,ENVIADO
2026-09-23 10:48:28,Fabiana Teles,fabiana@una.com.br,Ind. Química Una Ltda.,ENVIADO
2026-09-23 10:48:30,Tania Regina Moreti,vivian.cunha@indebras.com.br,Indebras Ind. Eletromecânica Brasileira Ltda.,ENVIADO
2026-09-23 10:48:32,Dirnei de Almeida,index@indextornos.com.br,Index Tornos Automáticos Ind. e Com. Ltda.,ENVIADO
2026-09-23 10:48:34,Katia,inductotherm@inductotherm.com.br,Inductotherm Group Brasil Ltda.,ENVIADO
2026-09-23 10:48:36,HEBER,export@induscabos.com.br,Induscabos Condutores Elétricos Ltda.,ENVIADO
2026-09-23 10:48:53,Ivo M. Belucci,ivombelucci@caio.com,Induscar Ind. e Com. de Carrocerias Ltda.,ENVIADO
2026-09-23 10:48:55,José Roberto Tavares Brunherotto,parquet@indusparquet.com.br,Indusparquet Ind. e Com. de Madeiras Ltda.,ENVIADO
2026-09-23 10:48:57,Marcio Kelen,marciokelen@kels.com.br,Industria Metaloquimica Kels Ltda,ENVIADO
2026-09-23 10:48:59,Marcos Alexandre,plasticosbariri@plasticosbariri.com.br,Indústria de Plásticos Bariri Ltda.,ENVIADO
2026-09-23 10:49:00,Marcelo Massa,resistente@linhasresistente.com.br,Indústria e Comércio de Linhas Resistente Ltda.,ENVIADO
2026-09-23 10:49:02,Marcia Barbulin,vendas@leal.com.br,Indústria e Comércio Leal Ltda.,ENVIADO
2026-09-23 10:49:04,Anita,compras2@maxdel.ind.br,Indústria Metalúrgica Maxdel Ltda.,ENVIADO
2026-09-23 10:49:06,Edna Jewel,arteb@arteb.com.br,Indústrias Arteb S.A.,ENVIADO
2026-09-23 10:49:08,Serafím José Lorenzo V.,ibarcomercioexterior@ig.com.br,Indústrias Brasileiras de Artigos Refratários - Ibar Ltda.,ENVIADO
2026-09-23 10:49:10,Daniela Cunha,daniela.cunha@ingenico.com.br,Ingenico do Brasil Ltda.,ENVIADO
2026-09-23 10:49:12,Patricia Esteves,patricia.esteves@ingeteam.com,Ingeteam Ltda.,ENVIADO
2026-09-23 10:49:14,Paulo Cesar Saldanha Rodrigues,injex@injex.com.br,Injex Indústrias Cirúrgicas Ltda.,ENVIADO
2026-09-23 10:49:16,Felipe Cury,felipe.cury@injex.com.br,Injex Pen Ind. e Com. de Artigos Plásticos Ltda.,ENVIADO
2026-09-23 10:49:18,Amos Teles,amos.teles@innovapack.com.br,Innovapack Embalagens Ltda.,ENVIADO
2026-09-23 10:49:19,Renan Tacara,renan_tacara@cargill.com,Innovatti - Ind. e Com. de Ésteres Sintéticos Ltda.,ENVIADO
2026-09-23 10:49:21,Maria Teresa Campos,teresasm@ipt.br,Instituto de Pesquisas Tecn do Est de S P S.A. I P T,ENVIADO
2026-09-23 10:49:23,Marco,compras@instrutherm.com.br,Instrutherm Instrumentos de Medição Ltda,ENVIADO
2026-09-23 10:49:25,Renato,renato@intercomquimica.com.br,Intercom Comercio de Produtos Químicos Ltda,ENVIADO
2026-09-23 10:49:28,Luciano Bonini,luciano.bonini@us.interfaceinc.com,Interface Flooring Systems Comercial Ltda.,ENVIADO
2026-09-23 10:49:30,Regiane,importacao@interlabdist.com.br,Interlab Distribuidora de Produtos Científicos S.A.,ENVIADO
2026-09-23 10:49:33,Lucila M. Tardivo Prandini,intermedic@uol.com.br,Intermedic Technology Importação e Exportação Ltda.,ENVIADO
2026-09-23 10:49:35,Bianca,import2@intersteel.com.br,Intersteel Aços e Metais Ltda.,ENVIADO
2026-09-23 10:49:37,Newton Santos,ns@intrupabrasil.com.br,Intrupa do Brasil Ltda.,ENVIADO
2026-09-23 10:49:42,Carlos Hoesker,carlos.a.hoesker@invensys.com,Invensys Appliance Controls Ltda.,ENVIADO
2026-09-23 10:49:44,GRACIELA R. BOARETI,office@inylbra.com.br,Inylbra Tapetes e Veludos Ltda.,ENVIADO
2026-09-23 10:49:46,Paulo,ipaina@uol.com.br,Ipanema Importadora Ltda,ENVIADO
2026-09-23 10:49:48,Maria Aparecida Nascimento Lima,maria@irizar.com.br,Irizar Brasil S.A.,ENVIADO
2026-09-23 10:49:50,Jane Aparecida Diogo Bottura,isa.avicola@uol.com.br,Isa Avícola Ltda.,ENVIADO
2026-09-23 10:49:52,Leticia,leticia@italytec.com.br,Italytec Imex Indústria e Comércio Ltda.,ENVIADO
2026-09-23 10:49:54,Sra. Teiko,teiko@itochu.com.br,Itochu Brasil S/A,ENVIADO
2026-09-23 10:49:55,Celso,itr@itrsa.com.br,Itr South America Com. Imp. e Exp. Ltda.,ENVIADO
2026-09-23 10:49:58,Adriana Nunes,adriana.nunes@itt.com,ITT Bombas Goulds do Brasil Ltda.,ENVIADO
2026-09-23 10:49:59,Diana Paula / Flavia,dpaula@itwchem.com.br,ITW Chemical Products Ltda.,ENVIADO
